Title ID,Current Title,Updated Title
1175,ABACUS,Abacus
1176,ABOUT CAMPUS,About Campus
410,ACADEMIC EMERGENCY MEDICINE,Academic Emergency Medicine
1177,ACCOUNTING & FINANCE,Accounting and Finance
1178,ACCOUNTING PERSPECTIVES,Accounting Perspectives
411,ACTA ANAESTHESIOLOGICA SCANDINAVICA,Acta Anaesthesiologica Scandinavica
1179,ACTA ARCHAEOLOGICA,Acta Archaeologica
412,ACTA CRYSTALLOGRAPHICA SECTION A,Acta Crystallographica Section A
413,ACTA CRYSTALLOGRAPHICA SECTION B,Acta Crystallographica Section B
414,ACTA CRYSTALLOGRAPHICA SECTION C,Acta Crystallographica Section C
415,ACTA CRYSTALLOGRAPHICA SECTION D,Acta Crystallographica Section D
416,ACTA GEOLOGICA SINICA (ENGLISH EDITION),Acta Geologica Sinica 
417,ACTA NEUROLOGICA SCANDINAVICA,Acta Neurologica Scandinavica
899,ACTA NEUROPSYCHIATRICA (ELECTRONIC),Acta Neuropsychiatrica 
418,ACTA OBSTETRICIA ET GYNECOLOGICA SCANDINAVICA,Acta Obstetricia et Gynecologica Scandinavica
419,ACTA OPHTHALMOLOGICA,Acta Ophthalmologica
420,ACTA PAEDIATRICA,Acta Paediatrica
421,ACTA PHYSIOLOGICA,Acta Physiologica
422,ACTA PSYCHIATRICA SCANDINAVICA,Acta Psychiatrica Scandinavica
423,ACTA ZOOLOGICA,Acta Zoologica
424,ADDICTION,Addiction
425,ADDICTION BIOLOGY,Addiction Biology
1180,ADULTSPAN JOURNAL,Adultspan Journal
4680,ADVANCED ENERGY MATERIALS,Advanced Energy Materials
426,ADVANCED FUNCTIONAL MATERIALS,Advanced Functional Materials
4681,ADVANCED HEALTHCARE MATERIALS,Advanced Healthcare Materials
753,ADVANCED MATERIALS,Advanced Materials
234,ADVANCES IN POLYMER TECHNOLOGY,Advances in Polymer Technology
1181,"AFRICA RESEARCH BULLETIN: ECONOMIC, FINANCIAL AND TECHNICAL SERIES","Africa Research Bulletin: Economic, Financial and Technical Series"
1182,"AFRICA RESEARCH BULLETIN: POLITICAL, SOCIAL AND CULTURAL SERIES","Africa Research Bulletin: Political, Social and Cultural Series"
1183,AFRICAN DEVELOPMENT REVIEW,African Development Review
427,AFRICAN JOURNAL OF ECOLOGY,African Journal of Ecology
235,AGGRESSIVE BEHAVIOR,Aggressive Behavior
900,AGING CELL,Aging Cell
1184,AGRIBUSINESS : AN INTERNATIONAL JOURNAL,Agribusiness : An International Journal
804,AGRICULTURAL AND FOREST ENTOMOLOGY,Agricultural and Forest Entomology
1185,AGRICULTURAL ECONOMICS,Agricultural Economics
754,AICHE JOURNAL,Aiche Journal
428,ALCOHOLISM,Alcoholism
1186,ALCOHOLISM AND DRUG ABUSE WEEKLY,Alcoholism and Drug Abuse Weekly
429,ALIMENTARY PHARMACOLOGY & THERAPEUTICS,Alimentary Pharmacology and therapeutics
430,ALLERGY,Allergy
1187,ALTERNATIVES TO THE HIGH COST OF LITIGATION,Alternatives to the High Cost of Litigation
1188,AMERICAN ANTHROPOLOGIST,American Anthropologist
1189,AMERICAN BUSINESS LAW JOURNAL,American Business Law Journal
1190,AMERICAN ETHNOLOGIST,American ethnologist
1191,AMERICAN JOURNAL OF ECONOMICS AND SOCIOLOGY,American Journal of Economics and Sociology
236,AMERICAN JOURNAL OF HEMATOLOGY,American Journal of Hematology
237,AMERICAN JOURNAL OF HUMAN BIOLOGY,American Journal of Human Biology
238,AMERICAN JOURNAL OF INDUSTRIAL MEDICINE,American Journal of industrial Medicine
1192,AMERICAN JOURNAL OF ORTHOPSYCHIATRY,American Journal of Orthopsychiatry
240,AMERICAN JOURNAL OF PHYSICAL ANTHROPOLOGY,American Journal of Physical Anthropology
1193,AMERICAN JOURNAL OF POLITICAL SCIENCE,American Journal of Political Science
241,AMERICAN JOURNAL OF PRIMATOLOGY,American Journal of Primatology
844,AMERICAN JOURNAL OF REPRODUCTIVE IMMUNOLOGY,American Journal of Reproductive Immunology
877,AMERICAN JOURNAL OF TRANSPLANTATION,American Journal of Transplantation
431,ANAESTHESIA,Anaesthesia
1194,ANALYSES OF SOCIAL ISSUES & PUBLIC POLICY,Analyses of Social Issues and Public Policy
1195,ANALYTIC PHILOSOPHY,Analytic Philosophy
432,"ANATOMIA, HISTOLOGIA, EMBRYOLOGIA","Anatomia, Histologia, Embryologia"
433,ANDROLOGIA (ELECTRONIC),andrologia 
755,ANGEWANDTE CHEMIE,Angewandte Chemie
756,ANGEWANDTE CHEMIE INTERNATIONAL EDITION,Angewandte Chemie International Edition
757,ANIMAL CONSERVATION,Animal Conservation
434,ANIMAL GENETICS,Animal Genetics
901,ANIMAL SCIENCE JOURNAL,Animal Science Journal
758,ANNALEN DER PHYSIK,Annalen Der Physik
1196,ANNALS OF ANTHROPOLOGICAL PRACTICE,Annals of Anthropological Practice
435,ANNALS OF APPLIED BIOLOGY,Annals of Applied Biology
436,ANNALS OF HUMAN GENETICS,Annals of Human Genetics
805,ANNALS OF NEUROLOGY,Annals of Neurology
437,ANNALS OF NONINVASIVE ELECTROCARDIOLOGY,Annals of Noninvasive Electrocardiology
1197,ANNALS OF PUBLIC AND COOPERATIVE ECONOMICS,Annals of Public and Cooperative Economics
438,ANNALS OF THE NEW YORK ACADEMY OF SCIENCES,Annals of the New York Academy of Sciences
1198,ANNUAL BULLETIN OF HISTORICAL LITERATURE,Annual Bulletin of Historical Literature
1199,ANTHROPOLOGY & EDUCATION QUARTERLY,Anthropology and Education Quarterly
1200,ANTHROPOLOGY & HUMANISM,Anthropology and Humanism
1201,ANTHROPOLOGY OF CONSCIOUSNESS,Anthropology of Consciousness
1202,ANTHROPOLOGY OF WORK REVIEW,Anthropology of Work Review
1203,ANTHROPOLOGY TODAY,Anthropology today
1204,ANTIPODE,Antipode
439,ANZ JOURNAL OF SURGERY,Anz Journal of Surgery
440,APMIS,Apmis
1205,APPLIED COGNITIVE PSYCHOLOGY,Applied Cognitive Psychology
242,APPLIED ORGANOMETALLIC CHEMISTRY,Applied Organometallic Chemistry
1206,APPLIED PSYCHOLOGY,Applied Psychology
1207,APPLIED PSYCHOLOGY: HEALTH AND WELL-BEING,Applied Psychology: Health and Well-Being
243,APPLIED STOCHASTIC MODELS IN BUSINESS AND INDUSTRY,Applied Stochastic Models in Business and industry
1777,APPLIED VEGETATION SCIENCE,Applied Vegetation Science
441,AQUACULTURE NUTRITION,Aquaculture Nutrition
442,AQUACULTURE RESEARCH,Aquaculture Research
244,AQUATIC CONSERVATION: MARINE AND FRESHWATER ECOSYSTEMS,Aquatic Conservation: Marine and Freshwater Ecosystems
1208,ARABIAN ARCHAEOLOGY AND EPIGRAPHY,Arabian Archaeology and Epigraphy
245,ARCHAEOLOGICAL PROSPECTION,Archaeological Prospection
1209,ARCHAEOMETRY,Archaeometry
1210,ARCHEOLOGICAL PAPERS OF THE AMERICAN ANTHROPOLOGICAL ASSOCIATION,Archeological Papers of the American Anthropological Association
1211,ARCHITECTURAL DESIGN,Architectural Design
759,ARCHIV DER PHARMAZIE,Archiv Der Pharmazie
443,ARCHIVES OF INSECT BIOCHEMISTRY AND PHYSIOLOGY  (ELECTRONIC),Archives of insect Biochemistry and Physiology  
1212,AREA,Area
1213,ARISTOTELIAN SOCIETY SUPPLEMENTARY VOLUME,Aristotelian Society Supplementary Volume
1214,ART HISTORY,Art History
806,ARTHRITIS & RHEUMATISM,Arthritis and Rheumatism
998,ARTHRITIS CARE AND RESEARCH,Arthritis Care and Research
444,ARTIFICIAL ORGANS,Artificial Organs
1215,ASHE HIGHER EDUCATION REPORT,Ashe Higher Education Report
7230,ASIA PACIFIC JOURNAL OF HUMAN RESOURCES,Asia Pacific Journal of Human Resources
1216,ASIA PACIFIC VIEWPOINT,Asia Pacific Viewpoint
1217,ASIAN ECONOMIC JOURNAL,Asian Economic Journal
1218,ASIAN ECONOMIC POLICY REVIEW,Asian Economic Policy Review
1219,ASIAN JOURNAL OF SOCIAL PSYCHOLOGY,Asian Journal of Social Psychology
1220,ASIAN POLITICS AND POLICY,Asian Politics and Policy
1221,ASIAN SOCIAL WORK AND POLICY REVIEW,Asian Social Work and Policy Review
1222,ASIAN-PACIFIC ECONOMIC LITERATURE,Asian-Pacific Economic Literature
966,ASIA-PACIFIC JOURNAL OF CHEMICAL ENGINEERING,Asia-Pacific Journal of Chemical Engineering
953,ASIA-PACIFIC JOURNAL OF CLINICAL ONCOLOGY,Asia-Pacific Journal of Clinical Oncology
1223,ASSESSMENT UPDATE,Assessment Update
807,ASTRONOMISCHE NACHRICHTEN,Astronomische Nachrichten
845,ASTRONOMY & GEOPHYSICS,Astronomy and Geophysics
445,AUSTRAL ECOLOGY,Austral Ecology
446,AUSTRALASIAN JOURNAL OF DERMATOLOGY,Australasian Journal of Dermatology
447,AUSTRALASIAN JOURNAL ON AGEING,Australasian Journal On Ageing
1224,AUSTRALIAN ACCOUNTING REVIEW,Australian Accounting Review
449,AUSTRALIAN AND NEW ZEALAND JOURNAL OF OBSTETRICS AND GYNAECOLOGY,Australian and New Zealand Journal of Obstetrics and Gynaecology
450,AUSTRALIAN AND NEW ZEALAND JOURNAL OF PUBLIC HEALTH,Australian and New Zealand Journal of Public Health
448,AUSTRALIAN & NEW ZEALAND JOURNAL OF STATISTICS,Australian and New Zealand Journal of Statistics
451,AUSTRALIAN DENTAL JOURNAL,Australian Dental Journal
1225,AUSTRALIAN ECONOMIC HISTORY REVIEW,Australian Economic History Review
1226,AUSTRALIAN ECONOMIC PAPERS,Australian Economic Papers
452,AUSTRALIAN ENDODONTIC JOURNAL,Australian Endodontic Journal
1227,AUSTRALIAN JOURNAL OF AGRICULTURAL & RESOURCE ECONOMICS,Australian Journal of Agricultural and Resource Economics
453,AUSTRALIAN JOURNAL OF ENTOMOLOGY,Australian Journal of Entomology
454,AUSTRALIAN JOURNAL OF GRAPE AND WINE RESEARCH,Australian Journal of Grape and Wine Research
1228,AUSTRALIAN JOURNAL OF POLITICS AND HISTORY,Australian Journal of Politics and History
1229,AUSTRALIAN JOURNAL OF PSYCHOLOGY,Australian Journal of Psychology
1230,AUSTRALIAN JOURNAL OF PUBLIC ADMINISTRATION,Australian Journal of Public Administration
455,AUSTRALIAN JOURNAL OF RURAL HEALTH,Australian Journal of Rural Health
808,AUSTRALIAN OCCUPATIONAL THERAPY JOURNAL,Australian Occupational therapy Journal
1231,AUSTRALIAN PSYCHOLOGIST,Australian Psychologist
456,AUSTRALIAN VETERINARY JOURNAL,Australian Veterinary Journal
457,AUTONOMIC & AUTACOID PHARMACOLOGY,Autonomic and Autacoid Pharmacology
458,BASIC AND CLINICAL PHARMACOLOGY & TOXICOLOGY,Basic and Clinical Pharmacology and toxicology
459,BASIN RESEARCH,Basin Research
933,BAUPHYSIK,Bauphysik
934,BAUTECHNIK,Bautechnik
1232,BEHAVIORAL INTERVENTIONS,Behavioral interventions
1233,BEHAVIORAL SCIENCES & THE LAW,Behavioral Sciences and the Law
1234,BELL LABS TECHNICAL JOURNAL,Bell Labs Technical Journal
903,BERICHTE ZUR WISSENSCHAFTSGESCHICHTE,Berichte Zur Wissenschaftsgeschichte
935,BETON- UND STAHLBETONBAU,Beton- Und Stahlbetonbau
246,BIOELECTROMAGNETICS,Bioelectromagnetics
760,BIOESSAYS,Bioessays
1235,BIOETHICS,Bioethics
460,BIOLOGICAL JOURNAL OF THE LINNEAN SOCIETY,Biological Journal of the Linnean Society
461,BIOLOGICAL REVIEWS,Biological Reviews
847,BIOLOGIE IN UNSERER ZEIT (BIUZ),Biologie in Unserer Zeit
1007,BIOLOGY OF THE CELL,Biology of the Cell
247,BIOMEDICAL CHROMATOGRAPHY,Biomedical Chromatography
761,BIOMETRICAL JOURNAL,Biometrical Journal
809,BIOMETRICS,Biometrics
248,BIOPHARMACEUTICS AND DRUG DISPOSITION,Biopharmaceutics and Drug Disposition
249,BIOPOLYMERS,Biopolymers
250,BIOTECHNOLOGY & BIOENGINEERING,Biotechnology and Bioengineering
1785,BIOTROPICA,Biotropica
810,BIPOLAR DISORDERS,Bipolar Disorders
462,BIRTH,Birth
1010,"BIRTH DEFECTS RESEARCH. PART A, CLINICAL AND MOLECULAR TERATOLOGY ","Birth defects research. Part A, Clinical and molecular teratology "
1011,"BIRTH DEFECTS RESEARCH, PART B, DEVELOPMENTAL AND REPRODUCTIVE TOXICOLOGY","Birth defects research. Part B, Developmental and reproductive toxicology "
463,BJOG : AN INTERNATIONAL JOURNAL OF OBSTETRICS & GYNAECOLOGY,BJOG : An International Journal of Obstetrics and Gynaecology
464,BJU INTERNATIONAL,BJU International
1236,BOARD & ADMINISTRATOR FOR ADMINISTRATORS ONLY,Board and Administrator For Administrators Only
1237,BOARD LEADERSHIP: POLICY GOVERNANCE IN ACTION,Board Leadership: Policy Governance in Action
465,BOREAS,Boreas
466,BOTANICAL JOURNAL OF THE LINNEAN SOCIETY,Botanical Journal of the Linnean Society
467,BRAIN PATHOLOGY,Brain Pathology
468,BRITISH JOURNAL OF CLINICAL PHARMACOLOGY,British Journal of Clinical Pharmacology
1238,BRITISH JOURNAL OF CLINICAL PSYCHOLOGY,British Journal of Clinical Psychology
469,BRITISH JOURNAL OF DERMATOLOGY,British Journal of Dermatology
1239,BRITISH JOURNAL OF DEVELOPMENTAL PSYCHOLOGY,British Journal of Developmental Psychology
1240,BRITISH JOURNAL OF EDUCATIONAL PSYCHOLOGY,British Journal of Educational Psychology
1241,BRITISH JOURNAL OF EDUCATIONAL TECHNOLOGY,British Journal of Educational Technology
470,BRITISH JOURNAL OF HAEMATOLOGY,British Journal of Haematology
1242,BRITISH JOURNAL OF HEALTH PSYCHOLOGY,British Journal of Health Psychology
1243,BRITISH JOURNAL OF INDUSTRIAL RELATIONS,British Journal of industrial Relations
1244,BRITISH JOURNAL OF LEARNING DISABILITIES,British Journal of Learning Disabilities
1245,BRITISH JOURNAL OF MANAGEMENT,British Journal of Management
1246,BRITISH JOURNAL OF MATHEMATICAL AND STATISTICAL PSYCHOLOGY,British Journal of Mathematical and Statistical Psychology
1247,BRITISH JOURNAL OF POLITICS & INTERNATIONAL RELATIONS,British Journal of Politics and International Relations
1248,BRITISH JOURNAL OF PSYCHOLOGY,British Journal of Psychology
1249,BRITISH JOURNAL OF PSYCHOTHERAPY,British Journal of Psychotherapy
1250,BRITISH JOURNAL OF SOCIAL PSYCHOLOGY,British Journal of Social Psychology
1251,BRITISH JOURNAL OF SPECIAL EDUCATION,British Journal of Special Education
762,BRITISH JOURNAL OF SURGERY,British Journal of Surgery
1252,BRUCE R HOPKINS' NONPROFIT COUNSEL,Bruce R Hopkins' Nonprofit Counsel
1253,BULLETIN OF ECONOMIC RESEARCH,Bulletin of Economic Research
1254,BULLETIN OF LATIN AMERICAN RESEARCH,Bulletin of Latin American Research
1255,BULLETIN OF THE INSTITUTE OF CLASSICAL STUDIES,Bulletin of the institute of Classical Studies
1256,BUSINESS AND SOCIETY REVIEW,Business and Society Review
1257,BUSINESS ETHICS: A EUROPEAN REVIEW,Business ethics: A European Review
1258,BUSINESS STRATEGY AND THE ENVIRONMENT,Business Strategy and the Environment
1259,BUSINESS STRATEGY REVIEW,Business Strategy Review
471,CA: A CANCER JOURNAL FOR CLINICIANS,CA: A Cancer Journal For Clinicians
1260,CAMPUS LEGAL ADVISOR,Campus Legal Advisor
1261,CAMPUS SECURITY REPORT,Campus Security Report
1262,CANADIAN JOURNAL OF ADMINISTRATIVE SCIENCES,Canadian Journal of Administrative Sciences
1263,CANADIAN JOURNAL OF AGRICULTURAL ECONOMICS,Canadian Journal of Agricultural Economics
1264,CANADIAN JOURNAL OF ECONOMICS,Canadian Journal of Economics
1265,CANADIAN PUBLIC ADMINISTRATION/ADMINISTRATION PUBLIQUE DU CANADA,Canadian Public Administration/Administration Publique Du Canada
1266,CANADIAN REVIEW OF SOCIOLOGY/REVUE CANADIENNE DE SOCIOLOGIE,Canadian Review of Sociology/Revue Canadienne De Sociologie
472,CANCER,Cancer
473,CANCER CYTOPATHOLOGY,Cancer Cytopathology
474,CANCER SCIENCE,Cancer Science
475,CARDIOVASCULAR THERAPEUTICS,Cardiovascular therapeutics
252,CATHETERIZATION AND CARDIOVASCULAR INTERVENTIONS,Catheterization and Cardiovascular interventions
253,CELL BIOCHEMISTRY AND FUNCTION  (ELECTRONIC),Cell Biochemistry and Function  
476,CELL PROLIFERATION,Cell Proliferation
811,CELLULAR MICROBIOLOGY (ELECTRONIC),Cellular Microbiology 
1267,CENTAURUS,Centaurus
477,CHEMICAL BIOLOGY & DRUG DESIGN (ELECTRONIC),Chemical Biology and Drug Design 
763,CHEMICAL ENGINEERING & TECHNOLOGY (CET),Chemical Engineering and Technology
764,CHEMICAL VAPOR DEPOSITION,Chemical Vapor Deposition
848,CHEMIE IN UNSERER ZEIT (CHIUZ),Chemie in Unserer Zeit
849,CHEMIE-INGENIEUR-TECHNIK (CIT),Chemie-ingenieur-Technik
765,CHEMISTRY - A EUROPEAN JOURNAL,Chemistry - A European Journal
936,CHEMISTRY & BIODIVERSITY,Chemistry and Biodiversity
904,"CHEMKON - CHEMIE KONKRET, FORUM FUER UNTERRICHT UND DIDAKTIK","Chemkon - Chemie Konkret, Forum Fuer Unterricht Und Didaktik"
1269,CHILD ABUSE REVIEW,Child Abuse Review
1270,CHILD AND ADOLESCENT MENTAL HEALTH,Child and Adolescent Mental Health
1268,CHILD & FAMILY SOCIAL WORK,Child and Family Social Work
1271,CHILD DEVELOPMENT,Child Development
1272,CHILD DEVELOPMENT PERSPECTIVES,Child Development Perspectives
1273,"CHILD: CARE, HEALTH AND DEVELOPMENT","Child: Care, Health and Development"
1274,CHILDREN & SOCIETY,Children and Society
1275,CHINA AND WORLD ECONOMY,China and World Economy
254,CHIRALITY,Chirality
1276,CITY & COMMUNITY,City and Community
1277,CITY & SOCIETY,City and Society
478,CLADISTICS,Cladistics
766,"CLEAN - SOIL, AIR, WATER","Clean - Soil, Air, Water"
255,CLINICAL ANATOMY,Clinical Anatomy
479,CLINICAL & EXPERIMENTAL ALLERGY,Clinical and Experimental Allergy
878,CLINICAL & EXPERIMENTAL ALLERGY REVIEWS,Clinical and Experimental Allergy Reviews
480,CLINICAL & EXPERIMENTAL DERMATOLOGY,Clinical and Experimental Dermatology
481,CLINICAL & EXPERIMENTAL IMMUNOLOGY,Clinical and Experimental Immunology
482,CLINICAL & EXPERIMENTAL OPHTHALMOLOGY,Clinical and Experimental Ophthalmology
483,CLINICAL AND EXPERIMENTAL OPTOMETRY,Clinical and Experimental Optometry
484,CLINICAL AND EXPERIMENTAL PHARMACOLOGY AND PHYSIOLOGY (ELECTRONIC),Clinical and Experimental Pharmacology and Physiology 
485,CLINICAL ENDOCRINOLOGY,Clinical Endocrinology
486,CLINICAL GENETICS,Clinical Genetics
812,CLINICAL IMPLANT DENTISTRY AND RELATED RESEARCH,Clinical Implant Dentistry and Related Research
487,CLINICAL MICROBIOLOGY AND INFECTION,Clinical Microbiology and infection
4684,CLINICAL OBESITY,Clinical Obesity
488,CLINICAL ORAL IMPLANTS RESEARCH,Clinical Oral Implants Research
489,CLINICAL OTOLARYNGOLOGY,Clinical Otolaryngology
490,CLINICAL PHYSIOLOGY AND FUNCTIONAL IMAGING,Clinical Physiology and Functional Imaging
1278,CLINICAL PSYCHOLOGIST,Clinical Psychologist
1279,CLINICAL PSYCHOLOGY AND PSYCHOTHERAPY (AN INTERNATIONAL JOURNAL OF THEORY & PRACTICE),Clinical Psychology and Psychotherapy
1280,CLINICAL PSYCHOLOGY: SCIENCE AND PRACTICE,Clinical Psychology: Science and Practice
813,CLINICAL TRANSPLANTATION,Clinical Transplantation
491,CNS: NEUROSCIENCE AND THERAPEUTICS,CNS: Neuroscience and therapeutics
1281,COGNITIVE SCIENCE - A MULTIDISCIPLINARY JOURNAL,Cognitive Science - A Multidisciplinary Journal
1282,COLLEGE ATHLETICS AND THE LAW,College Athletics and the Law
256,COLOR RESEARCH & APPLICATION,Color Research and Application
492,COLORATION TECHNOLOGY,Coloration Technology
814,COLORECTAL DISEASE,Colorectal Disease
1283,COMMUNICATION THEORY,Communication theory
1284,"COMMUNICATION, CULTURE & CRITIQUE","Communication, Culture and Critique"
257,COMMUNICATIONS ON PURE & APPLIED MATHEMATICS,Communications On Pure and Applied Mathematics
493,COMMUNITY DENTISTRY AND ORAL EPIDEMIOLOGY,Community Dentistry and Oral Epidemiology
258,COMPLEXITY (ELECTRONIC),Complexity 
494,COMPUTATIONAL INTELLIGENCE,Computational intelligence
259,COMPUTER ANIMATION AND VIRTUAL WORLDS (PREV: JNL OF VISUALISATION & COMPUTER ANIMATION),Computer Animation and Virtual Worlds
260,COMPUTER APPLICATIONS IN ENGINEERING EDUCATION,Computer Applications in Engineering Education
495,COMPUTER GRAPHICS FORUM (ELECTRONIC),Computer Graphics Forum 
496,COMPUTER-AIDED CIVIL AND INFRASTRUCTURE ENGINEERING,Computer-Aided Civil and infrastructure Engineering
906,CONCEPTS IN MAGNETIC RESONANCE PART B,Concepts in Magnetic Resonance Part B
262,CONCURRENCY AND COMPUTATION: PRACTICE & EXPERIENCE,Concurrency and Computation: Practice and Experience
1285,CONFLICT RESOLUTION QUARTERLY,Conflict Resolution Quarterly
497,CONGENITAL ANOMALIES,Congenital Anomalies
850,CONSERVATION,Conservation
498,CONSERVATION BIOLOGY,Conservation Biology
1286,CONSTELLATIONS: AN INTERNATIONAL JOURNAL OF CRITICAL AND DEMOCRATIC THEORY,Constellations: An International Journal of Critical and Democratic theory
499,CONTACT DERMATITIS,Contact Dermatitis
1287,CONTEMPORARY ACCOUNTING RESEARCH,Contemporary Accounting Research
1288,CONTEMPORARY ECONOMIC POLICY,Contemporary Economic Policy
967,CONTRAST MEDIA & MOLECULAR IMAGING  (ELECTRONIC),Contrast Media and Molecular Imaging  
851,CONTRIBUTIONS TO PLASMA PHYSICS,Contributions to Plasma Physics
1289,CORPORATE GOVERNANCE,Corporate Governance
1290,CORPORATE PHILANTHROPY REPORT,Corporate Philanthropy Report
1291,CORPORATE SOCIAL RESPONSIBILITY AND ENVIRONMENTAL MANAGEMENT,Corporate Social Responsibility and Environmental Management
1292,COUNSELING AND VALUES,Counseling and Values
1293,COUNSELOR EDUCATION AND SUPERVISION,Counselor Education and Supervision
1294,CREATIVITY AND INNOVATION MANAGEMENT,Creativity and innovation Management
1295,CRIMINAL BEHAVIOUR AND MENTAL HEALTH,Criminal Behaviour and Mental Health
1296,CRIMINOLOGY,Criminology
1297,CRIMINOLOGY AND PUBLIC POLICY,Criminology and Public Policy
1298,CRITICAL QUARTERLY,Critical Quarterly
1299,CROSSCURRENTS,Crosscurrents
767,CRYSTAL RESEARCH AND TECHNOLOGY,Crystal Research and Technology
1300,CULTURAL ANTHROPOLOGY,Cultural Anthropology
1301,"CULTURE, AGRICULTURE, FOOD & ENVIRONMENT","Culture, Agriculture, Food and Environment"
1302,CURATOR THE MUSEUM JOURNAL,Curator the Museum Journal
1303,CURRICULUM INQUIRY,Curriculum inquiry
500,CURTIS'S BOTANICAL MAGAZINE,Curtis's Botanical Magazine
502,CYTOPATHOLOGY,Cytopathology
263,CYTOSKELETON,Cytoskeleton
1304,DEAN & PROVOST,Dean and Provost
1305,DECISION SCIENCES,Decision Sciences
1306,DECISION SCIENCES JOURNAL OF INNOVATIVE EDUCATION,Decision Sciences Journal of innovative Education
503,DENTAL TRAUMATOLOGY,Dental Traumatology
1307,DEPARTMENT CHAIR,Department Chair
264,DEPRESSION AND ANXIETY,Depression and Anxiety
504,DERMATOLOGIC SURGERY,Dermatologic Surgery
852,DERMATOLOGIC THERAPY,Dermatologic therapy
1308,DESIGN MANAGEMENT JOURNAL,Design Management Journal
1309,DESIGN MANAGEMENT REVIEW,Design Management Review
1310,DEVELOPING WORLD BIOETHICS,Developing World Bioethics
1311,DEVELOPMENT AND CHANGE,Development and Change
505,DEVELOPMENT GROWTH & DIFFERENTIATION,Development Growth and Differentiation
1312,DEVELOPMENT POLICY REVIEW,Development Policy Review
265,DEVELOPMENTAL DISABILITIES RESEARCH REVIEW,Developmental Disabilities Research Review
266,DEVELOPMENTAL DYNAMICS,Developmental Dynamics
506,DEVELOPMENTAL MEDICINE & CHILD NEUROLOGY,Developmental Medicine and Child Neurology
267,DEVELOPMENTAL NEUROBIOLOGY,Developmental Neurobiology
268,DEVELOPMENTAL PSYCHOBIOLOGY,Developmental Psychobiology
1313,DEVELOPMENTAL SCIENCE,Developmental Science
815,DIABETES OBESITY & METABOLISM,Diabetes Obesity and Metabolism
816,DIABETES/METABOLISM: RESEARCH AND REVIEWS (ELECT),Diabetes/Metabolism: Research and Reviews
507,DIABETIC MEDICINE,Diabetic Medicine
269,DIAGNOSTIC CYTOPATHOLOGY,Diagnostic Cytopathology
1314,DIALECTICA,Dialectica
1315,DIALOG,Dialog
1316,DIE UNTERRICHTSPRAXIS/TEACHING GERMAN,Die Unterrichtspraxis/Teaching German
1317,DIGEST OF MIDDLE EAST STUDIES,Digest of Middle East Studies
508,DIGESTIVE ENDOSCOPY,Digestive Endoscopy
1318,DIPLOMATIC HISTORY,Diplomatic History
1319,DISABILITY COMPLIANCE FOR HIGHER EDUCATION,Disability Compliance For Higher Education
1320,DISASTERS,Disasters
817,DISEASES OF THE ESOPHAGUS,Diseases of the Esophagus
768,DIVERSITY AND DISTRIBUTIONS,Diversity and Distributions
509,DRUG AND ALCOHOL REVIEW,Drug and Alcohol Review
270,DRUG DEVELOPMENT RESEARCH,Drug Development Research
1321,DYSLEXIA,Dyslexia
981,EARLY INTERVENTION IN PSYCHIATRY,Early intervention in Psychiatry
1322,EARLY MEDIEVAL EUROPE,Early Medieval Europe
271,EARTH SURFACE PROCESSES AND LANDFORMS,Earth Surface Processes and Landforms
272,EARTHQUAKE ENGINEERING AND STRUCTURAL DYNAMICS,Earthquake Engineering and Structural Dynamics
510,ECHOCARDIOGRAPHY,Echocardiography
511,ECOGRAPHY,Ecography
512,ECOLOGICAL ENTOMOLOGY,Ecological Entomology
853,ECOLOGICAL MANAGEMENT & RESTORATION,Ecological Management and Restoration
769,ECOLOGY LETTERS,Ecology Letters
513,ECOLOGY OF FRESHWATER FISH,Ecology of Freshwater Fish
1323,ECONOMIC AFFAIRS,Economic Affairs
1324,ECONOMIC GEOGRAPHY,Economic Geography
1325,ECONOMIC HISTORY REVIEW,Economic History Review
1326,ECONOMIC INQUIRY,Economic inquiry
1327,ECONOMIC NOTES,Economic Notes
1328,ECONOMIC OUTLOOK,Economic Outlook
1329,ECONOMIC PAPERS: A JOURNAL OF APPLIED ECONOMICS AND POLICY,Economic Papers: A Journal of Applied Economics and Policy
1330,ECONOMIC POLICY,Economic Policy
1331,ECONOMICA,Economica
1332,ECONOMICS & POLITICS,Economics and Politics
1333,EDUCATIONAL MEASUREMENT: ISSUES AND PRACTICE,Educational Measurement: Issues and Practice
1334,EDUCATIONAL PHILOSOPHY AND THEORY,Educational Philosophy and theory
1335,EDUCATIONAL THEORY,Educational theory
514,ELECTRICAL ENGINEERING IN JAPAN,Electrical Engineering in Japan
770,ELECTROANALYSIS,Electroanalysis
515,ELECTRONICS & COMMUNICATIONS IN JAPAN,Electronics and Communications in Japan
818,ELECTROPHORESIS,Electrophoresis
516,EMERGENCY MEDICINE AUSTRALASIA,Emergency Medicine Australasia
1336,EMPLOYMENT RELATIONS TODAY,Employment Relations today
907,ENDODONTIC TOPICS,Endodontic topics
879,ENGINEERING IN LIFE SCIENCES  (ELECTRONIC),Engineering in Life Sciences  
1337,ENGLISH IN EDUCATION,English in Education
1338,ENGLISH LITERARY RENAISSANCE,English Literary Renaissance
1339,ENROLLMENT MANAGEMENT REPORT,Enrollment Management Report
517,ENTOMOLOGIA EXPERIMENTALIS ET APPLICATA,Entomologia Experimentalis et Applicata
908,ENTOMOLOGICAL RESEARCH,Entomological Research
922,ENTOMOLOGICAL SCIENCE,Entomological Science
1340,ENTREPRENEURSHIP THEORY AND PRACTICE,Entrepreneurship theory and Practice
273,ENVIRONMENTAL AND MOLECULAR MUTAGENESIS,Environmental and Molecular Mutagenesis
819,ENVIRONMENTAL MICROBIOLOGY,Environmental Microbiology
1341,ENVIRONMENTAL POLICY AND GOVERNANCE,Environmental Policy and Governance
854,ENVIRONMENTAL PROGRESS & SUSTAINABLE ENERGY,Environmental Progress and Sustainable Energy
1342,ENVIRONMENTAL QUALITY MANAGEMENT,Environmental Quality Management
274,ENVIRONMENTAL TOXICOLOGY,Environmental toxicology
518,ENVIRONMENTAL TOXICOLOGY & CHEMISTRY,Environmental toxicology and Chemistry
275,ENVIRONMETRICS,Environmetrics
519,EPILEPSIA,Epilepsia
520,EPPO BULLETIN,Eppo Bulletin
521,EQUINE VETERINARY EDUCATION,Equine Veterinary Education
522,EQUINE VETERINARY JOURNAL,Equine Veterinary Journal
523,ETHOLOGY,Ethology
1343,ETHOS,Ethos
1344,EUROCHOICES,Eurochoices
937,EUROPEAN DIABETES NURSING,European Diabetes Nursing
276,EUROPEAN EATING DISORDERS REVIEW,European Eating Disorders Review
1345,EUROPEAN FINANCIAL MANAGEMENT,European Financial Management
524,EUROPEAN JOURNAL OF CANCER CARE,European Journal of Cancer Care
525,EUROPEAN JOURNAL OF CLINICAL INVESTIGATION,European Journal of Clinical investigation
855,EUROPEAN JOURNAL OF DENTAL EDUCATION,European Journal of Dental Education
1346,EUROPEAN JOURNAL OF EDUCATION,European Journal of Education
526,EUROPEAN JOURNAL OF HAEMATOLOGY,European Journal of Haematology
771,EUROPEAN JOURNAL OF IMMUNOLOGY,European Journal of Immunology
772,EUROPEAN JOURNAL OF INORGANIC CHEMISTRY,European Journal of inorganic Chemistry
773,EUROPEAN JOURNAL OF LIPID SCIENCE AND TECHNOLOGY,European Journal of Lipid Science and Technology
774,EUROPEAN JOURNAL OF NEUROLOGY,European Journal of Neurology
527,EUROPEAN JOURNAL OF NEUROSCIENCE,European Journal of Neuroscience
528,EUROPEAN JOURNAL OF ORAL SCIENCES,European Journal of Oral Sciences
775,EUROPEAN JOURNAL OF ORGANIC CHEMISTRY,European Journal of Organic Chemistry
7170,EUROPEAN JOURNAL OF PAIN,European Journal of Pain
1347,EUROPEAN JOURNAL OF PERSONALITY,European Journal of Personality
1348,EUROPEAN JOURNAL OF PHILOSOPHY,European Journal of Philosophy
1349,EUROPEAN JOURNAL OF POLITICAL RESEARCH,European Journal of Political Research
1350,EUROPEAN JOURNAL OF POLITICAL RESEARCH POLITICAL DATA YEARBOOK,European Journal of Political Research Political Data Yearbook
1351,EUROPEAN JOURNAL OF SOCIAL PSYCHOLOGY,European Journal of Social Psychology
529,EUROPEAN JOURNAL OF SOIL SCIENCE,European Journal of Soil Science
1352,EUROPEAN LAW JOURNAL,European Law Journal
1353,EUROPEAN MANAGEMENT REVIEW,European Management Review
938,EUROPEAN TRANSACTIONS ON ELECTRICAL POWER (ELECTRONIC),European Transactions On Electrical Power 
1006,TRANSACTIONS ON EMERGING TELECOMMUNICATIONS TECHNOLOGIES,European Transactions on Telecommunications
1808,EVOLUTION,Evolution
820,EVOLUTION AND DEVELOPMENT,Evolution and Development
277,EVOLUTIONARY ANTHROPOLOGY,Evolutionary Anthropology
530,EXPERIMENTAL DERMATOLOGY,Experimental Dermatology
821,EXPERIMENTAL PHYSIOLOGY,Experimental Physiology
531,EXPERIMENTAL TECHNIQUES,Experimental Techniques
532,EXPERT SYSTEMS,Expert Systems
1354,FAMILY & CONSUMER SCIENCES RESEARCH JOURNAL,Family and Consumer Sciences Research Journal
1355,FAMILY COURT REVIEW,Family Court Review
1356,FAMILY PROCESS,Family Process
1357,FAMILY RELATIONS,Family Relations
533,FATIGUE & FRACTURE OF ENGINEERING MATERIALS AND STRUCTURES,Fatigue and Fracture of Engineering Materials and Structures
534,FEBS JOURNAL,FEBS Journal
909,FEDDES REPERTORIUM,Feddes Repertorium
1358,FEDERAL GRANTS & CONTRACTS,Federal Grants and Contracts
535,FEMS IMMUNOLOGY & MEDICAL MICROBIOLOGY,FEMS Immunology and Medical Microbiology
536,FEMS MICROBIOLOGY ECOLOGY,FEMS Microbiology Ecology
537,FEMS MICROBIOLOGY LETTERS,FEMS Microbiology Letters
538,FEMS MICROBIOLOGY REVIEWS,FEMS Microbiology Reviews
880,FEMS YEAST RESEARCH,FEMS Yeast Research
1359,FINANCIAL ACCOUNTABILITY & MANAGEMENT,Financial Accountability and Management
1360,FINANCIAL MANAGEMENT,Financial Management
1361,"FINANCIAL MARKETS, INSTITUTIONS & INSTRUMENTS","Financial Markets, institutions and instruments"
1362,FINANCIAL REVIEW,Financial Review
278,FIRE AND MATERIALS,Fire and Materials
1363,FISCAL STUDIES,Fiscal Studies
856,FISH AND FISHERIES,Fish and Fisheries
539,FISHERIES MANAGEMENT & ECOLOGY,Fisheries Management and Ecology
540,FISHERIES OCEANOGRAPHY,Fisheries Oceanography
279,FLAVOUR AND FRAGRANCE JOURNAL,Flavour and Fragrance Journal
987,FOCUS ON ALTERNATIVE AND COMPLEMENTARY THERAPIES AN EVIDENCE-BASED APPROACH,Focus On Alternative and Complementary therapies An Evidence-Based Approach
1364,FOCUS ON GEOGRAPHY,Focus On Geography
1365,FOREIGN LANGUAGE ANNALS,Foreign Language Annals
1366,FOREIGN POLICY ANALYSIS,Foreign Policy Analysis
541,FOREST PATHOLOGY,Forest Pathology
881,FORSCHUNG,Forschung
776,FORTSCHRITTE DER PHYSIK/PROGRESS OF PHYSICS,Fortschritte Der Physik/Progress of Physics
954,FOSSIL RECORD-MITTEILUNGEN AUS DEM MUSEUM FUER  NATURKUNDE,Fossil Record-Mitteilungen Aus Dem Museum Fuer  Naturkunde
542,FRESHWATER BIOLOGY,Freshwater Biology
882,FUEL CELLS,Fuel Cells
543,FUNCTIONAL ECOLOGY,Functional Ecology
544,FUNDAMENTAL & CLINICAL PHARMACOLOGY,Fundamental and Clinical Pharmacology
969,FUTURE PRESCRIBER,Future Prescriber
982,GAMM - MITTEILUNGEN,Gamm - Mitteilungen
995,GCB BIOENERGY,Gcb Bioenergy
1367,GENDER & HISTORY,Gender and History
1368,"GENDER, WORK & ORGANISATION","Gender, Work and Organisation"
1369,GENERAL ANTHROPOLOGY BULLETIN OF THE GENERAL ANTHROPOLOGY DIVISION,General Anthropology Bulletin of the General Anthropology Division
545,GENES TO CELLS,Genes to Cells
910,"GENES, BRAIN AND BEHAVIOR","Genes, Brain and Behavior"
280,"GENES, CHROMOSOMES AND CANCER","Genes, Chromosomes and Cancer"
281,GENESIS: THE JOURNAL OF GENETICS AND DEVELOPMENT,Genesis: the Journal of Genetics and Development
282,GENETIC EPIDEMIOLOGY,Genetic Epidemiology
283,GEOARCHAEOLOGY: AN INTERNATIONAL JOURNAL,Geoarchaeology: An International Journal
923,GEOBIOLOGY (ELECTRONIC),Geobiology 
883,GEOFLUIDS (ELECTRONIC),Geofluids 
1370,GEOGRAFISKA ANNALER SERIES A: PHYSICAL GEOGRAPHY,Geografiska Annaler Series A: Physical Geography
1371,GEOGRAFISKA ANNALER SERIES B: HUMAN GEOGRAPHY,Geografiska Annaler Series B: Human Geography
6571,GEOGRAPHICAL ANALYSIS,Geographical Analysis
1372,GEOGRAPHICAL RESEARCH,Geographical Research
1373,GEOGRAPHICAL REVIEW,Geographical Review
284,GEOLOGICAL JOURNAL,Geological Journal
546,GEOLOGY TODAY,Geology today
988,GEOMECHANICS AND TUNNELLING,Geomechanics and Tunnelling
547,GEOPHYSICAL JOURNAL INTERNATIONAL,Geophysical Journal International
548,GEOPHYSICAL PROSPECTING,Geophysical Prospecting
549,GEOSTANDARDS & GEOANALYTICAL RESEARCH,Geostandards and Geoanalytical Research
1001,GEOTECHNIK,Geotechnik
884,GERIATRICS & GERONTOLOGY INTERNATIONAL,Geriatrics and Gerontology International
1374,GERMAN ECONOMIC REVIEW,German Economic Review
1375,GERMAN LIFE AND LETTERS,German Life and Letters
885,GERMAN RESEARCH,German Research
550,GERODONTOLOGY,Gerodontology
285,GLIA,Glia
1376,GLOBAL BUSINESS AND ORGANIZATIONAL EXCELLENCE,Global Business and Organizational Excellence
551,GLOBAL CHANGE BIOLOGY,Global Change Biology
1377,GLOBAL NETWORKS,Global Networks
4685,GLOBAL STRATEGY JOURNAL,Global Strategy Journal
1378,GOVERNANCE,Governance
1379,GOVERNMENT AND OPPOSITION,Government and Opposition
552,GRASS & FORAGE SCIENCE,Grass and Forage Science
955,GRASSLAND SCIENCE,Grassland Science
553,GROUND WATER,Ground Water
554,GROUND WATER MONITORING & REMEDIATION,Ground Water Monitoring and Remediation
1380,GROWTH AND CHANGE,Growth and Change
555,HAEMOPHILIA,Haemophilia
286,HEAD & NECK: JOURNAL FOR THE SCIENCES &  SPECIALTIES OF THE HEAD AND NECK,Head and Neck: Journal For the Sciences and  Specialties of the Head and Neck
556,HEADACHE,Headache
557,HEALTH & SOCIAL CARE IN THE COMMUNITY,Health and Social Care in the Community
1381,HEALTH ECONOMICS,Health Economics
778,HEALTH EXPECTATIONS,Health Expectations
857,HEALTH INFORMATION & LIBRARIES JOURNAL,Health information and Libraries Journal
1382,HEALTH SERVICES RESEARCH,Health Services Research
822,HEAT TRANSFER - ASIAN RESEARCH,Heat Transfer - Asian Research
558,HELICOBACTER (ELECTRONIC),Helicobacter 
823,HELVETICA CHIMICA ACTA,Helvetica Chimica Acta
287,HEMATOLOGICAL ONCOLOGY,Hematological Oncology
924,HEMODIALYSIS INTERNATIONAL,Hemodialysis International
288,HEPATOLOGY,Hepatology
983,HEPATOLOGY RESEARCH,Hepatology Research
289,HETEROATOM CHEMISTRY,Heteroatom Chemistry
1383,HIGHER EDUCATION ABSTRACTS,Higher Education Abstracts
1384,HIGHER EDUCATION QUARTERLY,Higher Education Quarterly
290,HIPPOCAMPUS,Hippocampus
559,HISTOPATHOLOGY,Histopathology
1385,HISTORICAL RESEARCH,Historical Research
1386,HISTORY,History
1387,HISTORY AND THEORY,History and theory
1389,HISTORY OF EDUCATION QUARTERLY,History of Education Quarterly
824,HIV MEDICINE,HIV Medicine
291,HUMAN BRAIN MAPPING,Human Brain Mapping
1390,HUMAN COMMUNICATION RESEARCH,Human Communication Research
292,HUMAN FACTORS AND ERGONOMICS IN MANUFACTURING & SERVICE INDUSTRIES,Human Factors and Ergonomics in Manufacturing and Service industries
293,HUMAN MUTATION,Human Mutation
294,HUMAN PSYCHOPHARMACOLOGY: CLINICAL AND  EXPERIMENTAL,Human Psychopharmacology: Clinical and  Experimental
1391,HUMAN RESOURCE DEVELOPMENT QUARTERLY,Human Resource Development Quarterly
1392,HUMAN RESOURCE MANAGEMENT,Human Resource Management
1393,HUMAN RESOURCE MANAGEMENT JOURNAL,Human Resource Management Journal
295,HYDROLOGICAL PROCESSES,Hydrological Processes
6321,HYPATIA,Hypatia
560,IBIS,Ibis
1394,IDS BULLETIN,Ids Bulletin
970,IEEJ TRANSACTIONS ON ELECTRICAL AND ELECTRONIC  ENGINEERING,IEEJ Transactions On Electrical and Electronic  Engineering
561,IMMUNOLOGICAL REVIEWS,Immunological Reviews
562,IMMUNOLOGY,Immunology
563,INDOOR AIR,Indoor Air
1395,INDUSTRIAL RELATIONS,Industrial Relations
1396,INDUSTRIAL RELATIONS JOURNAL,Industrial Relations Journal
1397,INFANCY,Infancy
1398,INFANT AND CHILD DEVELOPMENT,Infant and Child Development
1399,INFANT MENTAL HEALTH JOURNAL,Infant Mental Health Journal
984,INFLUENZA AND OTHER RESPIRATORY VIRUSES,Influenza and Other Respiratory Viruses
564,INFORMATION SYSTEMS JOURNAL,Information Systems Journal
989,INSECT CONSERVATION AND DIVERSITY,Insect Conservation and Diversity
565,INSECT MOLECULAR BIOLOGY,Insect Molecular Biology
566,INSECT SCIENCE,Insect Science
1824,INTEGRATED ENVIRONMENTAL ASSESSMENT AND MANAGEMENT,Integrated Environmental Assessment and Management
1400,"INTELLIGENT SYSTEMS IN ACCOUNTING, FINANCE & MANAGEMENT","intelligent Systems in Accounting, Finance and Management"
567,INTERNAL MEDICINE JOURNAL,internal Medicine Journal
1401,INTERNATIONAL AFFAIRS,International Affairs
296,INTERNATIONAL DENTAL JOURNAL,International Dental Journal
1402,INTERNATIONAL ECONOMIC REVIEW,International Economic Review
568,INTERNATIONAL ENDODONTIC JOURNAL,International Endodontic Journal
1403,INTERNATIONAL FINANCE,International Finance
4687,INTERNATIONAL FORUM OF ALLERGY & RHINOLOGY,International Forum of Allergy and Rhinology
1404,INTERNATIONAL INSOLVENCY REVIEW,International insolvency Review
297,INTERNATIONAL JOURNAL FOR NUMERICAL AND ANALYTICAL METHODS IN GEOMECHANICS,International Journal For Numerical and Analytical Methods in Geomechanics
298,INTERNATIONAL JOURNAL FOR NUMERICAL METHODS IN BIOMEDICAL ENGINEERING,International Journal For Numerical Methods in Biomedical Engineering
299,INTERNATIONAL JOURNAL FOR NUMERICAL METHODS IN ENGINEERING,International Journal For Numerical Methods in Engineering
300,INTERNATIONAL JOURNAL FOR NUMERICAL METHODS IN FLUIDS,International Journal For Numerical Methods in Fluids
301,INTERNATIONAL JOURNAL OF ADAPTIVE CONTROL AND SIGNAL PROCESSING,International Journal of Adaptive Control and Signal Processing
569,INTERNATIONAL JOURNAL OF ANDROLOGY,International Journal of andrology
939,INTERNATIONAL JOURNAL OF APPLIED CERAMIC TECHNOLOGY,International Journal of Applied Ceramic Technology
999,INTERNATIONAL JOURNAL OF APPLIED GLASS SCIENCE,International Journal of Applied Glass Science
1405,INTERNATIONAL JOURNAL OF APPLIED LINGUISTICS,International Journal of Applied Linguistics
1406,INTERNATIONAL JOURNAL OF APPLIED PSYCHOANALYTIC  STUDIES (ELECTRONIC),International Journal of Applied Psychoanalytic  Studies 
1407,INTERNATIONAL JOURNAL OF ART & DESIGN EDUCATION,International Journal of Art and Design Education
1408,INTERNATIONAL JOURNAL OF AUDITING,International Journal of Auditing
302,INTERNATIONAL JOURNAL OF CANCER,International Journal of Cancer
303,INTERNATIONAL JOURNAL OF CHEMICAL KINETICS,International Journal of Chemical Kinetics
304,INTERNATIONAL JOURNAL OF CIRCUIT THEORY AND APPLICATIONS,International Journal of Circuit theory and Applications
305,INTERNATIONAL JOURNAL OF CLIMATOLOGY,International Journal of Climatology
940,INTERNATIONAL JOURNAL OF CLINICAL PRACTICE,International Journal of Clinical Practice
306,INTERNATIONAL JOURNAL OF COMMUNICATION SYSTEMS,International Journal of Communication Systems
1409,INTERNATIONAL JOURNAL OF CONSUMER STUDIES,International Journal of Consumer Studies
570,INTERNATIONAL JOURNAL OF COSMETIC SCIENCE,International Journal of Cosmetic Science
571,INTERNATIONAL JOURNAL OF DAIRY TECHNOLOGY,International Journal of Dairy Technology
925,INTERNATIONAL JOURNAL OF DENTAL HYGIENE,International Journal of Dental Hygiene
572,INTERNATIONAL JOURNAL OF DERMATOLOGY,International Journal of Dermatology
307,INTERNATIONAL JOURNAL OF EATING DISORDERS,International Journal of Eating Disorders
308,INTERNATIONAL JOURNAL OF ENERGY RESEARCH,International Journal of Energy Research
956,INTERNATIONAL JOURNAL OF EVIDENCE BASED HEALTHCARE,International Journal of Evidence Based Healthcare
573,INTERNATIONAL JOURNAL OF EXPERIMENTAL PATHOLOGY,International Journal of Experimental Pathology
1410,INTERNATIONAL JOURNAL OF FINANCE & ECONOMICS,International Journal of Finance and Economics
574,INTERNATIONAL JOURNAL OF FOOD SCIENCE & TECHNOLOGY,International Journal of Food Science and Technology
309,INTERNATIONAL JOURNAL OF GERIATRIC PSYCHIATRY,International Journal of Geriatric Psychiatry
310,INTERNATIONAL JOURNAL OF HEALTH PLANNING AND  MANAGEMENT,International Journal of Health Planning and  Management
311,INTERNATIONAL JOURNAL OF IMAGING SYSTEMS AND  TECHNOLOGY,International Journal of Imaging Systems and  Technology
575,INTERNATIONAL JOURNAL OF IMMUNOGENETICS,International Journal of Immunogenetics
312,INTERNATIONAL JOURNAL OF INTELLIGENT SYSTEMS,International Journal of intelligent Systems
1411,INTERNATIONAL JOURNAL OF JAPANESE SOCIOLOGY,International Journal of Japanese Sociology
576,INTERNATIONAL JOURNAL OF LABORATORY HEMATOLOGY,International Journal of Laboratory Hematology
1412,INTERNATIONAL JOURNAL OF LANGUAGE & COMMUNICATION DISORDERS,International Journal of Language and Communication Disorders
1413,INTERNATIONAL JOURNAL OF MANAGEMENT REVIEWS,International Journal of Management Reviews
825,INTERNATIONAL JOURNAL OF MENTAL HEALTH NURSING,International Journal of Mental Health Nursing
779,INTERNATIONAL JOURNAL OF METHODS IN PSYCHIATRIC RESEARCH,International Journal of Methods in Psychiatric Research
1414,INTERNATIONAL JOURNAL OF NAUTICAL ARCHAEOLOGY,International Journal of Nautical Archaeology
313,INTERNATIONAL JOURNAL OF NETWORK MANAGEMENT,International Journal of Network Management
1415,INTERNATIONAL JOURNAL OF NONPROFIT & VOLUNTARY SECTOR MARKETING (ELECTRONIC),International Journal of Nonprofit and Voluntary Sector Marketing 
314,"INTERNATIONAL JOURNAL OF NUMERICAL MODELLING: ELECTRONIC NETWORKS, DEVICES AND FIELDS","International Journal of Numerical Modelling: Electronic Networks, Devices and Fields"
1003,INTERNATIONAL JOURNAL OF NURSING KNOWLEDGE,International Journal of Nursing Knowledge
577,INTERNATIONAL JOURNAL OF NURSING PRACTICE,International Journal of Nursing Practice
972,INTERNATIONAL JOURNAL OF OLDER PEOPLE NURSING,International Journal of Older People Nursing
315,INTERNATIONAL JOURNAL OF OSTEOARCHAEOLOGY,International Journal of Osteoarchaeology
578,INTERNATIONAL JOURNAL OF PAEDIATRIC DENTISTRY,International Journal of Paediatric Dentistry
996,INTERNATIONAL JOURNAL OF PHARMACY PRACTICE,International Journal of Pharmacy Practice
316,INTERNATIONAL JOURNAL OF QUANTUM CHEMISTRY,International Journal of Quantum Chemistry
317,INTERNATIONAL JOURNAL OF RF AND MICROWAVE  COMPUTER-AIDED ENGINEERING,International Journal of Rf and Microwave  Computer-Aided Engineering
911,INTERNATIONAL JOURNAL OF RHEUMATIC DISEASES,International Journal of Rheumatic Diseases
318,INTERNATIONAL JOURNAL OF ROBUST AND NONLINEAR CONTROL,International Journal of Robust and Nonlinear Control
319,INTERNATIONAL JOURNAL OF SATELLITE COMMUNICATIONS AND NETWORKING,International Journal of Satellite Communications and Networking
1416,INTERNATIONAL JOURNAL OF SELECTION AND ASSESSMENT,International Journal of Selection and Assessment
1417,INTERNATIONAL JOURNAL OF SOCIAL WELFARE,International Journal of Social Welfare
973,INTERNATIONAL JOURNAL OF STROKE,International Journal of Stroke
1418,INTERNATIONAL JOURNAL OF SYSTEMATIC THEOLOGY,International Journal of Systematic theology
1419,INTERNATIONAL JOURNAL OF TOURISM RESEARCH,International Journal of tourism Research
1420,INTERNATIONAL JOURNAL OF TRAINING AND DEVELOPMENT,International Journal of Training and Development
1421,INTERNATIONAL JOURNAL OF URBAN AND REGIONAL RESEARCH,International Journal of Urban and Regional Research
579,INTERNATIONAL JOURNAL OF UROLOGY,International Journal of Urology
1422,INTERNATIONAL LABOUR REVIEW,International Labour Review
1423,INTERNATIONAL MIGRATION,International Migration
1424,INTERNATIONAL MIGRATION REVIEW,International Migration Review
780,INTERNATIONAL NURSING REVIEW,International Nursing Review
1425,INTERNATIONAL POLITICAL SOCIOLOGY,International Political Sociology
1426,INTERNATIONAL REVIEW OF FINANCE,International Review of Finance
858,INTERNATIONAL REVIEW OF HYDROBIOLOGY,International Review of Hydrobiology
1427,INTERNATIONAL REVIEW OF MISSION,International Review of Mission
1428,INTERNATIONAL SOCIAL SCIENCE JOURNAL,International Social Science Journal
1429,INTERNATIONAL SOCIAL SECURITY REVIEW,International Social Security Review
580,INTERNATIONAL STATISTICAL REVIEW,International Statistical Review
1430,INTERNATIONAL STUDIES PERSPECTIVES,International Studies Perspectives
1431,INTERNATIONAL STUDIES QUARTERLY,International Studies Quarterly
1432,INTERNATIONAL STUDIES REVIEW,International Studies Review
1433,INTERNATIONAL TRANSACTIONS IN OPERATIONAL RESEARCH,International Transactions in Operational Research
941,INTERNATIONAL WOUND JOURNAL,International Wound Journal
581,INTERNATIONAL ZOO YEARBOOK,International Zoo Yearbook
1434,INTERNATIONALE REVUE FUR SOZIALE SICHERHEIT,Internationale Revue Fur Soziale Sicherheit
859,INVERTEBRATE BIOLOGY,invertebrate Biology
887,IRRIGATION AND DRAINAGE,Irrigation and Drainage
974,ISBT SCIENCE SERIES: THE INTERNATIONAL JOURNAL OF INTRACELLULAR TRANSPORT,Isbt Science Series: the International Journal of intracellular Transport
582,ISLAND ARC,Island Arc
942,JAPAN JOURNAL OF NURSING SCIENCE,Japan Journal of Nursing Science
1435,JAPANESE PSYCHOLOGICAL RESEARCH,Japanese Psychological Research
1436,JCMS: JOURNAL OF COMMON MARKET STUDIES,JCMS: Journal of Common Market Studies
926,JOURNAL DER DEUTSCHEN DERMATOLOGISCHEN GESELLSCHAFT,Journal Der Deutschen Dermatologischen Gesellschaft
1437,JOURNAL FOR EIGHTEENTH-CENTURY STUDIES,Journal For Eighteenth-Century Studies
997,JOURNAL FOR HEALTHCARE QUALITY,Journal For Healthcare Quality
583,JOURNAL FOR SPECIALISTS IN PEDIATRIC NURSING,Journal For Specialists in Pediatric Nursing
1438,JOURNAL FOR THE SCIENTIFIC STUDY OF RELIGION,Journal For the Scientific Study of Religion
1439,JOURNAL FOR THE THEORY OF SOCIAL BEHAVIOUR,Journal For the theory of Social Behaviour
7171,JOURNAL OF ADOLESCENT & ADULT LITERACY,Journal of Adolescent and Adult Literacy
584,JOURNAL OF ADVANCED NURSING,Journal of Advanced Nursing
1440,JOURNAL OF AESTHETICS AND ART CRITICISM,Journal of Aesthetics and Art Criticism
1441,JOURNAL OF AGRARIAN CHANGE,Journal of Agrarian Change
1442,JOURNAL OF AGRICULTURAL ECONOMICS,Journal of Agricultural Economics
585,JOURNAL OF AGRONOMY AND CROP SCIENCE,Journal of Agronomy and Crop Science
888,JOURNAL OF AMERICAN GERIATRICS SOCIETY,Journal of American Geriatrics Society
586,JOURNAL OF ANATOMY,Journal of Anatomy
826,JOURNAL OF ANIMAL BREEDING AND GENETICS,Journal of Animal Breeding and Genetics
781,JOURNAL OF ANIMAL ECOLOGY,Journal of Animal Ecology
587,JOURNAL OF ANIMAL PHYSIOLOGY AND NUTRITION,Journal of Animal Physiology and Nutrition
232,JOURNAL OF APPLIED BIOBEHAVIORAL RESEARCH,Journal of Applied Biobehavioral Research
588,JOURNAL OF APPLIED CRYSTALLOGRAPHY,Journal of Applied Crystallography
782,JOURNAL OF APPLIED ECOLOGY,Journal of Applied Ecology
1443,JOURNAL OF APPLIED ECONOMETRICS,Journal of Applied Econometrics
589,JOURNAL OF APPLIED ENTOMOLOGY,Journal of Applied Entomology
590,JOURNAL OF APPLIED ICHTHYOLOGY,Journal of Applied Ichthyology
591,JOURNAL OF APPLIED MICROBIOLOGY,Journal of Applied Microbiology
1444,JOURNAL OF APPLIED PHILOSOPHY,Journal of Applied Philosophy
320,JOURNAL OF APPLIED POLYMER SCIENCE,Journal of Applied Polymer Science
1445,JOURNAL OF APPLIED RESEARCH IN INTELLECTUAL DISABILITIES,Journal of Applied Research in intellectual Disabilities
592,JOURNAL OF APPLIED SOCIAL PSYCHOLOGY,Journal of Applied Social Psychology
321,JOURNAL OF APPLIED TOXICOLOGY,Journal of Applied toxicology
1446,JOURNAL OF ARCHITECTURAL EDUCATION,Journal of Architectural Education
860,JOURNAL OF AVIAN BIOLOGY,Journal of Avian Biology
783,JOURNAL OF BASIC MICROBIOLOGY,Journal of Basic Microbiology
1447,JOURNAL OF BEHAVIORAL DECISION MAKING,Journal of Behavioral Decision Making
322,JOURNAL OF BIOCHEMICAL AND MOLECULAR TOXICOLOGY,Journal of Biochemical and Molecular toxicology
593,JOURNAL OF BIOGEOGRAPHY,Journal of Biogeography
1448,JOURNAL OF BUSINESS FINANCE & ACCOUNTING,Journal of Business Finance and Accounting
1449,JOURNAL OF BUSINESS LOGISTICS,Journal of Business Logistics
594,JOURNAL OF CARDIAC SURGERY,Journal of Cardiac Surgery
595,JOURNAL OF CARDIOVASCULAR ELECTROPHYSIOLOGY,Journal of Cardiovascular Electrophysiology
324,JOURNAL OF CELLULAR BIOCHEMISTRY,Journal of Cellular Biochemistry
325,JOURNAL OF CELLULAR PHYSIOLOGY,Journal of Cellular Physiology
326,JOURNAL OF CHEMICAL TECHNOLOGY & BIOTECHNOLOGY,Journal of Chemical Technology and Biotechnology
327,JOURNAL OF CHEMOMETRICS,Journal of Chemometrics
596,JOURNAL OF CHILD AND ADOLESCENT PSYCHIATRIC NURSING,Journal of Child and Adolescent Psychiatric Nursing
1450,JOURNAL OF CHINESE PHILOSOPHY,Journal of Chinese Philosophy
328,JOURNAL OF CLINICAL APHERESIS,Journal of Clinical Apheresis
329,JOURNAL OF CLINICAL LABORATORY ANALYSIS,Journal of Clinical Laboratory Analysis
597,JOURNAL OF CLINICAL NURSING,Journal of Clinical Nursing
598,JOURNAL OF CLINICAL PERIODONTOLOGY,Journal of Clinical Periodontology
599,JOURNAL OF CLINICAL PHARMACY & THERAPEUTICS,Journal of Clinical Pharmacy and therapeutics
1451,JOURNAL OF CLINICAL PSYCHOLOGY,Journal of Clinical Psychology
330,JOURNAL OF CLINICAL ULTRASOUND,Journal of Clinical Ultrasound
1452,JOURNAL OF COLLEGE COUNSELING,Journal of College Counseling
331,JOURNAL OF COMBINATORIAL DESIGNS,Journal of Combinatorial Designs
1453,JOURNAL OF COMMUNICATION,Journal of Communication
1454,JOURNAL OF COMMUNITY & APPLIED SOCIAL PSYCHOLOGY,Journal of Community and Applied Social Psychology
1455,JOURNAL OF COMMUNITY PSYCHOLOGY,Journal of Community Psychology
332,JOURNAL OF COMPUTATIONAL CHEMISTRY,Journal of Computational Chemistry
1456,JOURNAL OF COMPUTER ASSISTED LEARNING,Journal of Computer Assisted Learning
1458,JOURNAL OF CONSUMER AFFAIRS,Journal of Consumer Affairs
1459,JOURNAL OF CONSUMER BEHAVIOUR,Journal of Consumer Behaviour
943,JOURNAL OF CONTEMPORARY WATER RESOURCE & EDUCATION,Journal of Contemporary Water Research and Education
1460,JOURNAL OF CONTINGENCIES AND CRISIS MANAGEMENT,Journal of Contingencies and Crisis Management
1461,JOURNAL OF CORPORATE ACCOUNTING & FINANCE,Journal of Corporate Accounting and Finance
912,JOURNAL OF COSMETIC DERMATOLOGY,Journal of Cosmetic Dermatology
1462,JOURNAL OF COUNSELING & DEVELOPMENT,Journal of Counseling and Development
600,JOURNAL OF CUTANEOUS PATHOLOGY,Journal of Cutaneous Pathology
861,JOURNAL OF DIGESTIVE DISEASES,Journal of Digestive Diseases
784,JOURNAL OF ECOLOGY,Journal of Ecology
1463,JOURNAL OF ECONOMIC SURVEYS,Journal of Economic Surveys
1464,JOURNAL OF ECONOMICS & MANAGEMENT STRATEGY,Journal of Economics and Management Strategy
1465,JOURNAL OF EDUCATIONAL MEASUREMENT,Journal of Educational Measurement
1466,JOURNAL OF EMPIRICAL LEGAL STUDIES,Journal of Empirical Legal Studies
1467,JOURNAL OF EMPLOYMENT COUNSELING,Journal of Employment Counseling
601,JOURNAL OF ESTHETIC AND RESTORATIVE DENTISTRY,Journal of Esthetic and Restorative Dentistry
602,JOURNAL OF EVALUATION IN CLINICAL PRACTICE (ELECTRONIC),Journal of Evaluation in Clinical Practice 
603,JOURNAL OF EVOLUTIONARY BIOLOGY,Journal of Evolutionary Biology
1468,JOURNAL OF FAMILY THEORY & REVIEW,Journal of Family theory and Review
1469,JOURNAL OF FAMILY THERAPY,Journal of Family therapy
1837,JOURNAL OF FIELD ORNITHOLOGY,Journal of Field Ornithology
333,JOURNAL OF FIELD ROBOTICS,Journal of Field Robotics
604,JOURNAL OF FISH BIOLOGY,Journal of Fish Biology
605,JOURNAL OF FISH DISEASES,Journal of Fish Diseases
606,JOURNAL OF FOOD BIOCHEMISTRY (ELECTRONIC),Journal of Food Biochemistry 
607,JOURNAL OF FOOD PROCESS ENGINEERING (ELECTRONIC),Journal of Food Process Engineering 
608,JOURNAL OF FOOD PROCESSING AND PRESERVATION (ELECTRONIC),Journal of Food Processing and Preservation 
609,JOURNAL OF FOOD QUALITY (ELECTRONIC),Journal of Food Quality 
610,JOURNAL OF FOOD SAFETY (ELECTRONIC),Journal of Food Safety 
611,JOURNAL OF FOOD SCIENCE,Journal of Food Science
1470,JOURNAL OF FORECASTING,Journal of Forecasting
957,JOURNAL OF FORENSIC NURSING,Journal of Forensic Nursing
975,JOURNAL OF FORENSIC SCIENCES,Journal of Forensic Sciences
612,JOURNAL OF GASTROENTEROLOGY AND HEPATOLOGY,Journal of Gastroenterology and Hepatology
334,JOURNAL OF GRAPH THEORY,Journal of Graph theory
1471,JOURNAL OF HEALTHCARE RISK MANAGEMENT,Journal of Healthcare Risk Management
1472,JOURNAL OF HISTORICAL SOCIOLOGY,Journal of Historical Sociology
613,JOURNAL OF HUMAN NUTRITION & DIETETICS,Journal of Human Nutrition and Dietetics
1473,JOURNAL OF HUMANISTIC COUNSELING,Journal of Humanistic Counseling
614,JOURNAL OF INDUSTRIAL ECOLOGY,Journal of industrial Ecology
958,JOURNAL OF INTEGRATIVE PLANT BIOLOGY,Journal of integrative Plant Biology
1474,JOURNAL OF INTELLECTUAL DISABILITY RESEARCH,Journal of intellectual Disability Research
1475,JOURNAL OF INTERIOR DESIGN,Journal of interior Design
615,JOURNAL OF INTERNAL MEDICINE,Journal of internal Medicine
1476,JOURNAL OF INTERNATIONAL DEVELOPMENT,Journal of International Development
1477,JOURNAL OF INTERNATIONAL FINANCIAL MANAGEMENT & ACCOUNTING,Journal of International Financial Management and Accounting
616,JOURNAL OF INTERVENTIONAL CARDIOLOGY,Journal of interventional Cardiology
1478,JOURNAL OF INVESTIGATIVE PSYCHOLOGY AND OFFENDER  PROFILING,Journal of investigative Psychology and offender  Profiling
335,JOURNAL OF LABELLED COMPOUNDS AND  RADIOPHARMACEUTICALS,Journal of Labelled Compounds and  Radiopharmaceuticals
1479,JOURNAL OF LATIN AMERICAN & CARIBBEAN ANTHROPOLOGY,Journal of Latin American and Caribbean Anthropology
1480,JOURNAL OF LAW AND SOCIETY,Journal of Law and Society
1481,JOURNAL OF LEADERSHIP STUDIES,Journal of Leadership Studies
1482,JOURNAL OF LEGAL STUDIES EDUCATION,Journal of Legal Studies Education
1483,JOURNAL OF LINGUISTIC ANTHROPOLOGY,Journal of Linguistic Anthropology
827,JOURNAL OF MAGNETIC RESONANCE IMAGING,Journal of Magnetic Resonance Imaging
1484,JOURNAL OF MANAGEMENT STUDIES,Journal of Management Studies
1485,JOURNAL OF MARITAL AND FAMILY THERAPY,Journal of Marital and Family therapy
1486,JOURNAL OF MARRIAGE AND FAMILY,Journal of Marriage and Family
617,JOURNAL OF MEDICAL IMAGING AND RADIATION ONCOLOGY,Journal of Medical Imaging and Radiation Oncology
828,JOURNAL OF MEDICAL PRIMATOLOGY (ELECTRONIC),Journal of Medical Primatology 
337,JOURNAL OF MEDICAL VIROLOGY,Journal of Medical Virology
618,JOURNAL OF METAMORPHIC GEOLOGY,Journal of Metamorphic Geology
619,JOURNAL OF MICROSCOPY,Journal of Microscopy
620,JOURNAL OF MIDWIFERY AND WOMEN'S HEALTH,Journal of Midwifery and Women's Health
338,JOURNAL OF MOLECULAR RECOGNITION  (ELECTRONIC),Journal of Molecular Recognition  
6612,"JOURNAL OF MONEY, CREDIT AND BANKING","Journal of Money, Credit and Banking"
339,JOURNAL OF MORPHOLOGY,Journal of Morphology
1487,JOURNAL OF MULTI CRITERIA DECISION ANALYSIS,Journal of Multi Criteria Decision Analysis
1488,JOURNAL OF MULTICULTURAL COUNSELING AND DEVELOPMENT,Journal of Multicultural Counseling and Development
621,JOURNAL OF NEUROCHEMISTRY,Journal of Neurochemistry
622,JOURNAL OF NEUROENDOCRINOLOGY,Journal of Neuroendocrinology
889,JOURNAL OF NEUROIMAGING,Journal of Neuroimaging
1489,JOURNAL OF NEUROPSYCHOLOGY,Journal of Neuropsychology
340,JOURNAL OF NEUROSCIENCE RESEARCH,Journal of Neuroscience Research
623,JOURNAL OF NURSING MANAGEMENT,Journal of Nursing Management
624,JOURNAL OF NURSING SCHOLARSHIP,Journal of Nursing Scholarship
625,"JOURNAL OF OBSTETRIC, GYNECOLOGIC & NEONATAL NURSING","Journal of Obstetric, Gynecologic and Neonatal Nursing"
626,JOURNAL OF OBSTETRICS AND GYNAECOLOGY RESEARCH (ELECTRONIC),Journal of Obstetrics and Gynaecology Research 
1490,JOURNAL OF OCCUPATIONAL AND ORGANIZATIONAL PSYCHOLOGY,Journal of Occupational and Organizational Psychology
627,JOURNAL OF ORAL PATHOLOGY & MEDICINE,Journal of Oral Pathology and Medicine
628,JOURNAL OF ORAL REHABILITATION,Journal of Oral Rehabilitation
1491,JOURNAL OF ORGANIZATIONAL BEHAVIOR,Journal of Organizational Behavior
890,JOURNAL OF ORTHOPAEDIC RESEARCH,Journal of Orthopaedic Research
629,JOURNAL OF PAEDIATRICS AND CHILD HEALTH,Journal of Paediatrics and Child Health
341,JOURNAL OF PEPTIDE SCIENCE,Journal of Peptide Science
630,JOURNAL OF PERIODONTAL RESEARCH,Journal of Periodontal Research
1492,JOURNAL OF PERSONALITY,Journal of Personality
631,JOURNAL OF PETROLEUM GEOLOGY,Journal of Petroleum Geology
342,JOURNAL OF PHARMACEUTICAL SCIENCES,Journal of Pharmaceutical Sciences
632,JOURNAL OF PHARMACY AND PHARMACOLOGY: AN INTERNATIONAL JOURNAL OF PHARMACEUTICAL SCIENCE,Journal of Pharmacy and Pharmacology: An International Journal of Pharmaceutical Science
1493,JOURNAL OF PHILOSOPHY OF EDUCATION,Journal of Philosophy of Education
633,JOURNAL OF PHYCOLOGY,Journal of Phycology
343,JOURNAL OF PHYSICAL ORGANIC CHEMISTRY,Journal of Physical Organic Chemistry
634,JOURNAL OF PHYTOPATHOLOGY,Journal of Phytopathology
635,JOURNAL OF PINEAL RESEARCH (ELECTRONIC),Journal of Pineal Research 
829,JOURNAL OF PLANT NUTRITION AND SOIL SCIENCE,Journal of Plant Nutrition and Soil Science
1494,JOURNAL OF POLICY ANALYSIS AND MANAGEMENT,Journal of Policy Analysis and Management
1495,JOURNAL OF POLICY AND PRACTICE IN INTELLECTUAL DISABILITIES,Journal of Policy and Practice in intellectual Disabilities
1496,JOURNAL OF POPULAR MUSIC STUDIES,Journal of Popular Music Studies
636,JOURNAL OF PROSTHODONTICS,Journal of Prosthodontics
637,JOURNAL OF PSYCHIATRIC & MENTAL HEALTH NURSING,Journal of Psychiatric and Mental Health Nursing
1497,JOURNAL OF PSYCHOLOGICAL ISSUES IN ORGANIZATIONAL CULTURE,Journal of Psychological Issues in Organizational Culture
1498,JOURNAL OF PUBLIC AFFAIRS,Journal of Public Affairs
1499,JOURNAL OF PUBLIC ECONOMIC THEORY,Journal of Public Economic theory
638,JOURNAL OF PUBLIC HEALTH DENTISTRY,Journal of Public Health Dentistry
345,JOURNAL OF QUATERNARY SCIENCE,Journal of Quaternary Science
346,JOURNAL OF RAMAN SPECTROSCOPY,Journal of Raman Spectroscopy
1500,JOURNAL OF REGIONAL SCIENCE,Journal of Regional Science
1501,JOURNAL OF RELIGIOUS ETHICS,Journal of Religious ethics
1502,JOURNAL OF RELIGIOUS HISTORY,Journal of Religious History
990,JOURNAL OF RENAL CARE,Journal of Renal Care
1503,JOURNAL OF RESEARCH IN READING,Journal of Research in Reading
347,JOURNAL OF RESEARCH IN SCIENCE TEACHING,Journal of Research in Science Teaching
1504,JOURNAL OF RESEARCH ON ADOLESCENCE,Journal of Research On Adolescence
1505,JOURNAL OF RISK AND INSURANCE,Journal of Risk and insurance
1506,JOURNAL OF SCHOOL HEALTH,Journal of School Health
639,JOURNAL OF SENSORY STUDIES,Journal of Sensory Studies
785,JOURNAL OF SEPARATION SCIENCE,Journal of Separation Science
640,JOURNAL OF SLEEP RESEARCH,Journal of Sleep Research
641,JOURNAL OF SMALL ANIMAL PRACTICE,Journal of Small Animal Practice
1507,JOURNAL OF SMALL BUSINESS MANAGEMENT,Journal of Small Business Management
1508,JOURNAL OF SOCIAL ISSUES,Journal of Social Issues
1509,JOURNAL OF SOCIAL PHILOSOPHY,Journal of Social Philosophy
1510,JOURNAL OF SOCIOLINGUISTICS,Journal of Sociolinguistics
1004,JOURNAL OF SOFTWARE:  EVOLUTION AND PROCESS,Journal of Software:  Evolution and Process
1511,JOURNAL OF SUPPLY CHAIN MANAGEMENT,Journal of Supply Chain Management
1512,JOURNAL OF SUPREME COURT HISTORY,Journal of Supreme Court History
348,JOURNAL OF SURGICAL ONCOLOGY,Journal of Surgical Oncology
642,JOURNAL OF SYNCHROTRON RADIATION,Journal of Synchrotron Radiation
643,JOURNAL OF TEXTURE STUDIES,Journal of Texture Studies
644,JOURNAL OF THE AMERICAN ACADEMY OF NURSE PRACTITIONERS,Journal of the American Academy of Nurse Practitioners
645,JOURNAL OF THE AMERICAN CERAMIC SOCIETY,Journal of the American Ceramic Society
229,JOURNAL OF THE AMERICAN SOCIETY FOR INFORMATION  SCIENCE AND TECHNOLOGY,Journal of the American Society For information  Science and Technology
646,JOURNAL OF THE AMERICAN WATER RESOURCES ASSOCIATION,Journal of the American Water Resources Association
7172,JOURNAL OF THE CHINESE CHEMICAL SOCIETY,Journal of the Chinese Chemical Society
647,JOURNAL OF THE EUROPEAN ACADEMY OF DERMATOLOGY & VENEREOLOGY,Journal of the European Academy of Dermatology and Venereology
1513,JOURNAL OF THE HISTORY OF THE BEHAVIORAL SCIENCES,Journal of the History of the Behavioral Sciences
862,JOURNAL OF THE PERIPHERAL NERVOUS SYSTEM,Journal of the Peripheral Nervous System
648,JOURNAL OF THE ROYAL STATISTICAL SOCIETY: SERIES A (STATISTICS IN SOCIETY),Journal of the Royal Statistical Society: Series A
649,JOURNAL OF THE ROYAL STATISTICAL SOCIETY: SERIES B (STATISTICAL METHODOLOGY),Journal of the Royal Statistical Society: Series B
650,JOURNAL OF THE ROYAL STATISTICAL SOCIETY: SERIES C (APPLIED STATISTICS),Journal of the Royal Statistical Society: Series C
349,JOURNAL OF THE SCIENCE OF FOOD AND AGRICULTURE,Journal of the Science of Food and Agriculture
7174,JOURNAL OF THE SOCIETY FOR INFORMATION DISPLAY ,Journal of the Society For information Display
651,JOURNAL OF THE WORLD AQUACULTURE SOCIETY,Journal of the World Aquaculture Society
652,JOURNAL OF TIME SERIES ANALYSIS,Journal of Time Series Analysis
786,JOURNAL OF TRAUMATIC STRESS,Journal of Traumatic Stress
653,JOURNAL OF TRAVEL MEDICINE,Journal of Travel Medicine
1514,JOURNAL OF URBAN AFFAIRS,Journal of Urban Affairs
1856,JOURNAL OF VEGETATION SCIENCE,Journal of Vegetation Science
654,JOURNAL OF VETERINARY EMERGENCY AND CRITICAL CARE,Journal of Veterinary Emergency and Critical Care
655,JOURNAL OF VETERINARY INTERNAL MEDICINE,Journal of Veterinary internal Medicine
656,JOURNAL OF VETERINARY PHARMACOLOGY & THERAPEUTICS,Journal of Veterinary Pharmacology and therapeutics
350,JOURNAL OF VINYL & ADDITIVE TECHNOLOGY,Journal of Vinyl and Additive Technology
657,JOURNAL OF VIRAL HEPATITIS,Journal of Viral Hepatitis
351,JOURNAL OF ZOOLOGICAL SYSTEMATICS AND EVOLUTIONARY  RESEARCH,Journal of Zoological Systematics and Evolutionary  Research
658,JOURNAL OF ZOOLOGY,Journal of Zoology
1515,JUVENILE AND FAMILY COURT JOURNAL,Juvenile and Family Court Journal
1516,KNOWLEDGE AND PROCESS MANAGEMENT: THE JOURNAL OF CORPORATE TRANSFORMATION,Knowledge and Process Management: the Journal of Corporate Transformation
1517,KYKLOS INTERNATIONAL REVIEW OF SOCIAL SCIENCES,Kyklos International Review of Social Sciences
1518,LABOUR,Labour
659,LAKES & RESERVOIRS: RESEARCH AND MANAGEMENT,Lakes and Reservoirs: Research and Management
352,LAND DEGRADATION AND DEVELOPMENT,Land Degradation and Development
1519,LANGUAGE LEARNING,Language Learning
944,LASER PHYSICS LETTERS,Laser Physics Letters
945,LASER TECHNIK JOURNAL,Laser Technik Journal
353,LASERS IN SURGERY AND MEDICINE,Lasers in Surgery and Medicine
1520,LATIN AMERICAN POLICY,Latin American Policy
6636,LATIN AMERICAN POLITICS AND SOCIETY,Latin American Politics and Society
1521,LAW & POLICY,Law and Policy
1522,LAW & SOCIAL INQUIRY,Law and Social inquiry
1523,LAW & SOCIETY REVIEW,Law and Society Review
1524,LEADER TO LEADER,Leader to Leader
1525,LEARNING DISABILITIES RESEARCH & PRACTICE,Learning Disabilities Research and Practice
1526,LEGAL AND CRIMINOLOGICAL PSYCHOLOGY,Legal and Criminological Psychology
1527,LEGAL STUDIES,Legal Studies
1528,LEGISLATIVE STUDIES QUARTERLY,Legislative Studies Quarterly
660,LETHAIA,Lethaia
661,LETTERS IN APPLIED MICROBIOLOGY,Letters in Applied Microbiology
1529,LEVIATHAN,Leviathan
976,LIPID TECHNOLOGY,Lipid Technology
1530,LITERACY,Literacy
662,LIVER INTERNATIONAL,Liver International
863,LIVER TRANSPLANTATION,Liver Transplantation
977,LUBRICATION SCIENCE,Lubrication Science
354,LUMINESCENCE: THE JOURNAL OF BIOLOGICAL AND  CHEMICAL LUMINESCENCE,Luminescence: the Journal of Biological and  Chemical Luminescence
891,MACROMOLECULAR BIOSCIENCE,Macromolecular Bioscience
787,MACROMOLECULAR CHEMISTRY AND PHYSICS,Macromolecular Chemistry and Physics
788,MACROMOLECULAR MATERIALS & ENGINEERING,Macromolecular Materials and Engineering
789,MACROMOLECULAR RAPID COMMUNICATIONS,Macromolecular Rapid Communications
864,MACROMOLECULAR SYMPOSIA (ELECTRONIC),Macromolecular Symposia 
790,MACROMOLECULAR THEORY AND SIMULATIONS,Macromolecular theory and Simulations
355,MAGNETIC RESONANCE IN CHEMISTRY,Magnetic Resonance in Chemistry
830,MAGNETIC RESONANCE IN MEDICINE,Magnetic Resonance in Medicine
663,MAMMAL REVIEW,Mammal Review
1532,MANAGEMENT AND ORGANIZATION REVIEW,Management and Organization Review
1533,MANAGEMENT REPORT FOR NONUNION ORGANIZATIONS,Management Report For Nonunion Organizations
1534,MANAGERIAL AND DECISION ECONOMICS,Managerial and Decision Economics
664,MARINE ECOLOGY,Marine Ecology
665,MARINE MAMMAL SCIENCE,Marine Mammal Science
356,MASS SPECTROMETRY REVIEWS,Mass Spectrometry Reviews
791,MATERIALS AND CORROSION/WERKSTOFFE UND KORROSION,Materials and Corrosion/Werkstoffe Und Korrosion
831,MATERIALWISSENSCHAFT UND WERKSTOFFTECHNIK,Materialwissenschaft Und Werkstofftechnik
959,MATERNAL & CHILD NUTRITION,Maternal and Child Nutrition
1535,MATHEMATICAL FINANCE,Mathematical Finance
357,MATHEMATICAL METHODS IN THE APPLIED SCIENCES,Mathematical Methods in the Applied Sciences
865,MATHEMATISCHE NACHRICHTEN,Mathematische Nachrichten
946,MAUERWERK,Mauerwerk
666,MEDICAL AND VETERINARY ENTOMOLOGY,Medical and Veterinary Entomology
1536,MEDICAL ANTHROPOLOGY QUARTERLY,Medical Anthropology Quarterly
667,MEDICAL EDUCATION,Medical Education
358,MEDICINAL RESEARCH REVIEWS,Medicinal Research Reviews
1537,MENTAL HEALTH WEEKLY,Mental Health Weekly
1538,METAPHILOSOPHY,Metaphilosophy
1000,METEORITICS & PLANETARY SCIENCE,Meteoritics and Planetary Science
668,METEOROLOGICAL APPLICATIONS,Meteorological Applications
1539,METROECONOMICA,Metroeconomica
991,MICROBIOLOGY AND IMMUNOLOGY,Microbiology and Immunology
669,MICROCIRCULATION,Microcirculation
359,MICROSCOPY RESEARCH AND TECHNIQUE,Microscopy Research and Technique
360,MICROSURGERY,Microsurgery
361,MICROWAVE AND OPTICAL TECHNOLOGY LETTERS,Microwave and Optical Technology Letters
1540,MIDDLE EAST POLICY,Middle East Policy
1541,MIDWEST STUDIES IN PHILOSOPHY,Midwest Studies in Philosophy
6648,MILTON QUARTERLY,Milton Quarterly
1542,MIND & LANGUAGE,Mind and Language
960,MITTEILUNGEN AUS DEM MUSEUM FUER NATURKUNDE IN  BERLIN-DEUTSCHE ENTOMOLOGISCHE ZEITSCHRIFT,Mitteilungen Aus Dem Museum Fuer Naturkunde in  Berlin-Deutsche Entomologische Zeitschrift
866,MLQ- MATHEMATICAL LOGIC QUARTERLY,MLQ- Mathematical Logic Quarterly
1543,MODERN LANGUAGE JOURNAL,Modern Language Journal
1544,MODERN THEOLOGY,Modern theology
362,MOLECULAR CARCINOGENESIS,Molecular Carcinogenesis
670,MOLECULAR ECOLOGY,Molecular Ecology
892,MOLECULAR ECOLOGY RESOURCES,Molecular Ecology Resources
792,MOLECULAR INFORMATICS,Molecular informatics
671,MOLECULAR MICROBIOLOGY,Molecular Microbiology
793,MOLECULAR NUTRITION & FOOD RESEARCH,Molecular Nutrition and Food Research
672,MOLECULAR ORAL MICROBIOLOGY,Molecular Oral Microbiology
867,MOLECULAR PLANT PATHOLOGY,Molecular Plant Pathology
363,MOLECULAR REPRODUCTION & DEVELOPMENT,Molecular Reproduction and Development
1545,MONOGRAPHS OF THE SOCIETY FOR RESEARCH IN CHILD DEVELOPMENT,Monographs of the Society For Research in Child Development
794,MONTHLY NOTICES OF THE ROYAL ASTRONOMICAL SOCIETY,Monthly Notices of the Royal Astronomical Society
961,MONTHLY NOTICES OF THE ROYAL ASTRONOMICAL SOCIETY:  LETTERS (ELECTRONIC),Monthly Notices of the Royal Astronomical Society:  Letters 
832,MOVEMENT DISORDERS,Movement Disorders
364,MUSCLE AND NERVE,Muscle and Nerve
927,MUSCULOSKELETAL CARE,Musculoskeletal Care
1546,MUSEUM ANTHROPOLOGY,Museum Anthropology
1547,MUSEUM INTERNATIONAL,Museum International
1548,MUSEUM INTERNATIONAL EDITION FRANCAISE,Museum International Edition Francaise
1549,MUSIC ANALYSIS,Music Analysis
233,MYCOSES,Mycoses
1550,NATIONAL CIVIC REVIEW,National Civic Review
1551,NATIONS AND NATIONALISM,Nations and Nationalism
1552,NATURAL GAS & ELECTRICITY,Natural Gas and Electricity
833,NATURAL RESOURCE MODELING,Natural Resource Modeling
1553,NATURAL RESOURCES FORUM,Natural Resources Forum
365,NAVAL RESEARCH LOGISTICS: AN INTERNATIONAL  JOURNAL,Naval Research Logistics: An International  Journal
7175,NAVIGATION,Navigation
1554,NEGOTIATION JOURNAL,Negotiation Journal
673,NEPHROLOGY,Nephrology
366,NETWORKS: AN INTERNATIONAL JOURNAL,Networks: An International Journal
674,NEUROGASTROENTEROLOGY & MOTILITY,Neurogastroenterology and Motility
834,NEUROMODULATION: TECHNOLOGY AT THE NEURAL INTERFACE,Neuromodulation: Technology At the Neural interface
675,NEUROPATHOLOGY,Neuropathology
676,NEUROPATHOLOGY & APPLIED NEUROBIOLOGY,Neuropathology and Applied Neurobiology
367,NEUROUROLOGY AND URODYNAMICS,Neurourology and Urodynamics
1555,NEW BLACKFRIARS,New Blackfriars
1556,NEW DIRECTIONS FOR ADULT & CONTINUING EDUCATION,New Directions For Adult and Continuing Education
1557,NEW DIRECTIONS FOR CHILD & ADOLESCENT DEVELOPMENT,New Directions For Child and Adolescent Development
1558,NEW DIRECTIONS FOR COMMUNITY COLLEGES,New Directions For Community Colleges
1559,NEW DIRECTIONS FOR EVALUATION,New Directions For Evaluation
1560,NEW DIRECTIONS FOR HIGHER EDUCATION,New Directions For Higher Education
1561,NEW DIRECTIONS FOR INSTITUTIONAL RESEARCH,New Directions For institutional Research
1562,NEW DIRECTIONS FOR STUDENT SERVICES,New Directions For Student Services
1563,NEW DIRECTIONS FOR TEACHING & LEARNING,New Directions For Teaching and Learning
1564,NEW DIRECTIONS FOR YOUTH DEVELOPMENT,New Directions For Youth Development
1565,NEW PERSPECTIVES QUARTERLY,New Perspectives Quarterly 
677,NEW PHYTOLOGIST,New Phytologist
1566,"NEW TECHNOLOGY, WORK AND EMPLOYMENT","New Technology, Work and Employment"
1567,NEW ZEALAND GEOGRAPHER,New Zealand Geographer
368,NMR IN BIOMEDICINE,Nmr in Biomedicine
1568,NONPROFIT BUSINESS ADVISOR,Nonprofit Business Advisor
1569,NONPROFIT MANAGEMENT & LEADERSHIP,Nonprofit Management and Leadership
1570,NORTH AMERICAN DIALOGUE (ELECTRONIC),North American Dialogue 
1571,NOUS,Nous
369,NUMERICAL LINEAR ALGEBRA WITH APPLICATIONS,Numerical Linear Algebra With Applications
370,NUMERICAL METHODS FOR PARTIAL DIFFERENTIAL  EQUATIONS,Numerical Methods For Partial Differential  Equations
835,NURSING & HEALTH SCIENCES,Nursing and Health Sciences
678,NURSING FOR WOMENS HEALTH,Nursing For Womens Health
679,NURSING FORUM,Nursing Forum
928,NURSING IN CRITICAL CARE,Nursing in Critical Care
680,NURSING INQUIRY,Nursing inquiry
868,NURSING PHILOSOPHY,Nursing Philosophy
962,NUTRITION & DIETETICS,Nutrition and Dietetics
681,NUTRITION BULLETIN,Nutrition Bulletin
682,NUTRITION REVIEWS,Nutrition Reviews
869,OBESITY REVIEWS,Obesity Reviews
371,OCCUPATIONAL THERAPY INTERNATIONAL,Occupational therapy International
870,OIKOS,Oikos
963,OIL AND ENERGY TRENDS,Oil and Energy Trends
1572,OPEC ENERGY REVIEW,Opec Energy Review
683,OPHTHALMIC AND PHYSIOLOGICAL OPTICS,Ophthalmic and Physiological Optics
372,OPTIMAL CONTROL APPLICATIONS AND METHODS,Optimal Control Applications and Methods
684,ORAL DISEASES,Oral Diseases
992,ORAL SURGERY,Oral Surgery
1573,ORBIS LITERARUM,Orbis Literarum
914,ORTHODONTICS & CRANIOFACIAL RESEARCH,Orthodontics and Craniofacial Research
1574,OXFORD BULLETIN OF ECONOMICS & STATISTICS,Oxford Bulletin of Economics and Statistics
1575,OXFORD JOURNAL OF ARCHAEOLOGY,Oxford Journal of Archaeology
1576,PACIFIC ECONOMIC REVIEW,Pacific Economic Review
1577,PACIFIC FOCUS,Pacific Focus
1578,PACIFIC PHILOSOPHICAL QUARTERLY,Pacific Philosophical Quarterly
685,PACING AND CLINICAL ELECTROPHYSIOLOGY,Pacing and Clinical Electrophysiology
373,PACKAGING TECHNOLOGY AND SCIENCE,Packaging Technology and Science
686,PAEDIATRIC & PERINATAL EPIDEMIOLOGY,Paediatric and Perinatal Epidemiology
871,PAIN MEDICINE,Pain Medicine
893,PAIN PRACTICE,Pain Practice
836,PALAEONTOLOGY,Palaeontology
1579,PAPERS IN REGIONAL SCIENCE,Papers in Regional Science
687,PARASITE IMMUNOLOGY,Parasite Immunology
6666,PARLIAMENTARY HISTORY,Parliamentary History
795,PARTICLE & PARTICLE SYSTEMS CHARACTERIZATION,Particle and Particle Systems Characterization
688,PATHOLOGY INTERNATIONAL,Pathology International
1580,PEACE & CHANGE,Peace and Change
689,PEDIATRIC ALLERGY AND IMMUNOLOGY,Pediatric Allergy and Immunology
690,PEDIATRIC ANESTHESIA,Pediatric Anesthesia
374,PEDIATRIC BLOOD & CANCER,Pediatric Blood and Cancer
691,PEDIATRIC DERMATOLOGY,Pediatric Dermatology
872,PEDIATRIC DIABETES,Pediatric Diabetes
1005,PEDIATRIC OBESITY,Pediatric Obesity
692,PEDIATRIC PULMONOLOGY,Pediatric Pulmonology
837,PEDIATRIC TRANSPLANTATION,Pediatric Transplantation
693,PEDIATRICS INTERNATIONAL,Pediatrics International
1581,PERFORMANCE IMPROVEMENT,Performance Improvement
1582,PERFORMANCE IMPROVEMENT QUARTERLY,Performance Improvement Quarterly
694,PERIODONTOLOGY 2000,Periodontology 2000
375,PERMAFROST AND PERIGLACIAL PROCESSES,Permafrost and Periglacial Processes
1583,PERSONAL RELATIONSHIPS,Personal Relationships
1584,PERSONNEL PSYCHOLOGY,Personnel Psychology
695,PERSPECTIVES IN PSYCHIATRIC CARE,Perspectives in Psychiatric Care
1585,PERSPECTIVES ON SEXUAL AND REPRODUCTIVE HEALTH,Perspectives On Sexual and Reproductive Health
1586,PERSPEKTIVEN DER WIRTSCHAFTSPOLITIK,Perspektiven Der Wirtschaftspolitik
376,PEST MANAGEMENT SCIENCE,Pest Management Science
915,PHARMACEUTICAL STATISTICS: THE JOURNAL OF APPLIED  STATISTICS IN THE PHARMACEUTICAL INDUSTRY,Pharmaceutical Statistics: the Journal of Applied  Statistics in the Pharmaceutical industry
377,PHARMACOEPIDEMIOLOGY AND DRUG SAFETY,Pharmacoepidemiology and Drug Safety
7176,PHARMACOTHERAPY,"Pharmacotherapy, the Journal of Human Pharmacology and Drug therapy "
894,PHARMAZIE IN UNSERER ZEIT (PHARMUZ),Pharmazie in Unserer Zeit
1587,PHILOSOPHICAL FORUM,Philosophical Forum
1588,PHILOSOPHICAL INVESTIGATIONS,Philosophical investigations
1589,PHILOSOPHICAL ISSUES,Philosophical Issues
1590,PHILOSOPHICAL PERSPECTIVES,Philosophical Perspectives
1591,PHILOSOPHY AND PHENOMENOLOGICAL RESEARCH,Philosophy and Phenomenological Research
6673,PHILOSOPHY AND PUBLIC AFFAIRS,Philosophy and Public Affairs
1882,PHOTOCHEMISTRY & PHOTOBIOLOGY,Photochemistry and Photobiology
796,"PHOTODERMATOLOGY, PHOTOIMMUNOLOGY & PHOTOMEDICINE","Photodermatology, Photoimmunology and Photomedicine"
696,PHYCOLOGICAL RESEARCH,Phycological Research
697,PHYSICA STATUS SOLIDI (A) APPLICATIONS AND MATERIALS SCIENCE,Physica Status Solidi (A) Applications and Materials Science
698,PHYSICA STATUS SOLIDI (B) BASIC SOLID STATE  PHYSICS,Physica Status Solidi (B) Basic Solid State  Physics
929,PHYSICA STATUS SOLIDI (C) - CURRENT TOPICS IN SOLID STATE PHYSICS,Physica Status Solidi (C) - Current topics in Solid State Physics
873,PHYSIK IN UNSERER ZEIT (PHIUZ),Physik in Unserer Zeit
699,PHYSIOLOGIA PLANTARUM,Physiologia Plantarum
700,PHYSIOLOGICAL ENTOMOLOGY,Physiological Entomology
378,PHYSIOTHERAPY RESEARCH INTERNATIONAL,Physiotherapy Research International
379,PHYTOCHEMICAL ANALYSIS,Phytochemical Analysis
380,PHYTOTHERAPY RESEARCH,Phytotherapy Research
701,PIGMENT CELL & MELANOMA RESEARCH,Pigment Cell and Melanoma Research
838,PLANT BIOLOGY,Plant Biology
930,PLANT BIOTECHNOLOGY JOURNAL,Plant Biotechnology Journal
702,PLANT BREEDING,Plant Breeding
703,PLANT CELL & ENVIRONMENT,Plant Cell and Environment
704,PLANT PATHOLOGY,Plant Pathology
705,PLANT SPECIES BIOLOGY,Plant Species Biology
947,PLASMA PROCESSES AND POLYMERS,Plasma Processes and Polymers
1593,POE STUDIES,Poe Studies
1594,POLAR: POLITICAL AND LEGAL ANTHROPOLOGY REVIEW,Polar: Political and Legal Anthropology Review
1595,POLICY STUDIES JOURNAL,Policy Studies Journal
1596,POLITICAL INSIGHT,Political insight
1597,POLITICAL PSYCHOLOGY,Political Psychology
1598,POLITICAL STUDIES,Political Studies
1599,POLITICAL STUDIES REVIEW,Political Studies Review
1600,POLITICS,Politics
1601,POLITICS & POLICY,Politics and Policy
381,POLYMER COMPOSITES,Polymer Composites
382,POLYMER ENGINEERING & SCIENCE,Polymer Engineering and Science
383,POLYMER INTERNATIONAL,Polymer International
384,POLYMERS FOR ADVANCED TECHNOLOGIES,Polymers For Advanced Technologies
1602,POPULATION AND DEVELOPMENT REVIEW,Population and Development Review
1603,"POPULATION, SPACE AND PLACE (ELECTRONIC)","Population, Space and Place "
1002,PRACTICAL DIABETES,Practical Diabetes
385,PRENATAL DIAGNOSIS,Prenatal Diagnosis
978,PRESCRIBER,Prescriber
1604,PRESIDENTIAL STUDIES QUARTERLY,Presidential Studies Quarterly
917,PROCEEDINGS OF THE AMERICAN SOCIETY FOR INFORMATION SCIENCE & TECHNOLOGY (ELECTRONIC),Proceedings of the American Society For information Science and Technology 
1605,PROCEEDINGS OF THE ARISTOTELIAN SOCIETY (HARDBACK),Proceedings of the Aristotelian Society
839,PROCESS SAFETY PROGRESS,Process Safety Progress
1606,PRODUCTION AND OPERATIONS MANAGEMENT,Production and Operations Management
985,PROGRESS IN NEUROLOGY AND PSYCHIATRY,Progress in Neurology and Psychiatry
386,PROGRESS IN PHOTOVOLTAICS: RESEARCH & APPLICATIONS,Progress in Photovoltaics: Research and Applications
1607,PROJECT MANAGEMENT JOURNAL,Project Management Journal
797,"PROPELLANTS, EXPLOSIVES, PYROTECHNICS","Propellants, Explosives, Pyrotechnics"
387,"PROTEINS: STRUCTURE, FUNCTION AND BIOINFORMATICS","Proteins: Structure, Function and Bioinformatics"
7344,PROTEOMICS,Proteomics
4688,PSYCH JOURNAL,PsyCh Journal
706,PSYCHIATRY AND CLINICAL NEUROSCIENCES,Psychiatry and Clinical Neurosciences
895,PSYCHOGERIATRICS,Psychogeriatrics
1608,PSYCHOLOGY & MARKETING,Psychology and Marketing
1609,"PSYCHOLOGY AND PSYCHOTHERAPY: THEORY, RESEARCH AND  PRACTICE","Psychology and Psychotherapy: theory, Research and  Practice"
1610,PSYCHOLOGY IN THE SCHOOLS,Psychology in the Schools
388,PSYCHO-ONCOLOGY,Psycho-Oncology
1611,PSYCHOPHYSIOLOGY,Psychophysiology
1612,PSYCHOTHERAPY AND POLITICS INTERNATIONAL,Psychotherapy and Politics International
1613,PUBLIC ADMINISTRATION,Public Administration
1614,PUBLIC ADMINISTRATION & DEVELOPMENT,Public Administration and Development
1615,PUBLIC ADMINISTRATION REVIEW,Public Administration Review
1616,PUBLIC BUDGETING AND FINANCE,Public Budgeting and Finance
707,PUBLIC HEALTH NURSING,Public Health Nursing
1617,PUBLIC POLICY RESEARCH,Public Policy Research
389,QUALITY AND RELIABILITY ENGINEERING INTERNATIONAL,Quality and Reliability Engineering International
1618,R & D MANAGEMENT,R and D Management
390,RANDOM STRUCTURES AND ALGORITHMS,Random Structures and Algorithms
391,RAPID COMMUNICATIONS IN MASS SPECTROMETRY,Rapid Communications in Mass Spectrometry
1619,RATIO,Ratio
1620,RATIO JURIS,Ratio Juris
7177,READING RESEARCH QUARTERLY,Reading Research Quarterly
1621,REAL ESTATE ECONOMICS,Real Estate Economics
1622,RECRUITING & RETAINING ADULT LEARNERS,Recruiting and Retaining Adult Learners
1624,REGULATION & GOVERNANCE,Regulation and Governance
7178,REHABILITATION NURSING,Rehabilitation Nursing
1625,RELIGIOUS STUDIES REVIEW,Religious Studies Review
1626,REMEDIATION,Remediation
1627,RENAISSANCE STUDIES,Renaissance Studies
708,REPRODUCTION IN DOMESTIC ANIMALS,Reproduction in Domestic Animals
392,RESEARCH IN NURSING & HEALTH,Research in Nursing and Health
4689,RESEARCH SYNTHESIS METHODS,Research Synthesis Methods
798,RESOURCE GEOLOGY,Resource Geology
709,RESPIROLOGY,Respirology
710,RESTORATION ECOLOGY,Restoration Ecology
1628,REVIEW OF DEVELOPMENT ECONOMICS,Review of Development Economics
1629,REVIEW OF EUROPEAN COMMUNITY & INTERNATIONAL ENVIROMENTAL LAW,Review of European Community and International Enviromental Law
1630,REVIEW OF INCOME AND WEALTH,Review of income and Wealth
1631,REVIEW OF INTERNATIONAL ECONOMICS,Review of International Economics
1632,REVIEW OF POLICY RESEARCH,Review of Policy Research
1633,REVIEW OF URBAN & REGIONAL DEVELOPMENT STUDIES,Review of Urban and Regional Development Studies
393,REVIEWS IN MEDICAL VIROLOGY,Reviews in Medical Virology
1634,REVIEWS IN RELIGION & THEOLOGY,Reviews in Religion and theology
1635,REVISTA INTERNACIONAL DE SEGURIDAD SOCIAL,Revista internacional De Seguridad Social
1636,REVISTA INTERNACIONAL DEL TRABAJO,Revista internacional Del Trabajo
1637,REVUE INTERNATIONALE DE SECURITE SOCIALE,Revue Internationale De Securite Sociale
1638,REVUE INTERNATIONALE DU TRAVAIL,Revue Internationale Du Travail
1639,RISK ANALYSIS,Risk Analysis
1640,RISK MANAGEMENT AND INSURANCE REVIEW,Risk Management and insurance Review
394,RIVER RESEARCH AND APPLICATIONS,River Research and Applications
1641,RURAL SOCIOLOGY,Rural Sociology
896,SCANDINAVIAN JOURNAL OF CARING SCIENCES,Scandinavian Journal of Caring Sciences
711,SCANDINAVIAN JOURNAL OF IMMUNOLOGY,Scandinavian Journal of Immunology
712,SCANDINAVIAN JOURNAL OF MEDICINE & SCIENCE IN SPORTS,Scandinavian Journal of Medicine and Science in Sports
1642,SCANDINAVIAN JOURNAL OF PSYCHOLOGY,Scandinavian Journal of Psychology
713,SCANDINAVIAN JOURNAL OF STATISTICS,Scandinavian Journal of Statistics
1643,SCANDINAVIAN POLITICAL STUDIES,Scandinavian Political Studies
230,SCANNING - THE JOURNAL OF SCANNING MICROSCOPIES,Scanning - the Journal of Scanning Microscopies
1644,SCHOOL SCIENCE AND MATHEMATICS,School Science and Mathematics
395,SCIENCE EDUCATION,Science Education
1645,SCOTTISH JOURNAL OF POLITICAL ECONOMY,Scottish Journal of Political Economy
714,SEDIMENTOLOGY,Sedimentology
715,SEMINARS IN DIALYSIS,Seminars in Dialysis
948,SIGNIFICANCE,Significance
1646,SINGAPORE JOURNAL OF TROPICAL GEOGRAPHY,Singapore Journal of Tropical Geography
716,SKIN RESEARCH AND TECHNOLOGY,Skin Research and Technology
931,SLEEP AND BIOLOGICAL RHYTHMS,Sleep and Biological Rhythms
1647,SOCIAL ANTHROPOLOGY,Social Anthropology
1648,SOCIAL DEVELOPMENT,Social Development
1649,SOCIAL ISSUES AND POLICY REVIEW,Social Issues and Policy Review
1650,SOCIAL POLICY & ADMINISTRATION,Social Policy and Administration
1651,SOCIAL SCIENCE QUARTERLY,Social Science Quarterly
1652,SOCIOLOGIA RURALIS,Sociologia Ruralis
1653,SOCIOLOGICAL FORUM,Sociological Forum
1654,SOCIOLOGICAL INQUIRY,Sociological inquiry
1655,SOCIOLOGY OF HEALTH & ILLNESS,Sociology of Health and Illness
396,"SOFTWARE TESTING, VERIFICATION & RELIABILITY","Software Testing, Verification and Reliability"
397,SOFTWARE:PRACTICE AND EXPERIENCE,Software:Practice and Experience
717,SOIL USE AND MANAGEMENT,Soil Use and Management
718,SPECIAL CARE IN DENTISTRY,Special Care in Dentistry
949,STAHLBAU,Stahlbau
799,STARCH / STAERKE,Starch / Staerke
719,STATISTICA NEERLANDICA,Statistica Neerlandica
398,STATISTICS IN MEDICINE,Statistics in Medicine
993,STEEL CONSTRUCTION - DESIGN AND RESEARCH,Steel Construction - Design and Research
1656,STEINBECK REVIEW,Steinbeck Review
720,STRAIN,Strain
1657,STRATEGIC CHANGE: BRIEFINGS IN ENTREPRENEURIAL FINANCE,Strategic Change: Briefings in Entrepreneurial Finance
1658,STRATEGIC MANAGEMENT JOURNAL,Strategic Management Journal
399,STRESS AND HEALTH,Stress and Health
1009,STRUCTURAL CONCRETE,Structural Concrete
918,STRUCTURAL CONTROL AND HEALTH MONITORING (ELECTRONIC),Structural Control and Health Monitoring 
1659,STUDENT AFFAIRS TODAY,Student Affairs today
1660,STUDIA LINGUISTICA,Studia Linguistica
721,STUDIES IN APPLIED MATHEMATICS,Studies in Applied Mathematics
1661,STUDIES IN ETHNICITY AND NATIONALISM,Studies in ethnicity and Nationalism
1662,STUDIES IN FAMILY PLANNING,Studies in Family Planning
1663,SUICIDE AND LIFE-THREATENING BEHAVIOR,Suicide and Life-Threatening Behavior
1664,SUPPORT FOR LEARNING,Support For Learning
400,SURFACE AND INTERFACE ANALYSIS,Surface and interface Analysis
964,SURGICAL PRACTICE,Surgical Practice
1665,SUSTAINABLE DEVELOPMENT,Sustainable Development
1666,SWISS POLITICAL SCIENCE REVIEW,Swiss Political Science Review
7179,SYMBOLIC INTERACTION,Symbolic interaction
401,SYNAPSE,Synapse
1667,SYNTAX,Syntax
1668,SYSTEM DYNAMICS REVIEW (THE JOURNAL OF THE SYSTEM  DYNAMICS SOCIETY),System Dynamics Review
722,SYSTEMATIC ENTOMOLOGY,Systematic Entomology
800,SYSTEMS ENGINEERING,Systems Engineering
1669,SYSTEMS RESEARCH & BEHAVIORAL SCIENCE,Systems Research and Behavioral Science
723,TEACHING STATISTICS,Teaching Statistics
1670,TEACHING THEOLOGY & RELIGION,Teaching theology and Religion
724,TERRA NOVA,Terra Nova
7181,TESOL QUARTERLY,Tesol Quarterly
725,THE AMERICAN JOURNAL ON ADDICTIONS,The American Journal On Addictions
402,THE ANATOMICAL RECORD : ADVANCES IN INTEGRATIVE ANATOMY AND EVOLUTIONARY BIOLOGY,The Anatomical Record : Advances in integrative Anatomy and Evolutionary Biology
1671,THE AUSTRALIAN ECONOMIC REVIEW,The Australian Economic Review
1672,THE AUSTRALIAN JOURNAL OF ANTHROPOLOGY,The Australian Journal of Anthropology
726,THE BREAST JOURNAL,The Breast Journal
1673,THE BRITISH JOURNAL OF SOCIOLOGY,The British Journal of Sociology
1674,THE BROWN UNIVERSITY CHILD AND ADOLESCENT  BEHAVIOR LETTER,The Brown University Child and Adolescent  Behavior Letter
1675,THE BROWN UNIVERSITY CHILD AND ADOLESCENT  PSYCHOPHARMACOLOGY UPDATE,The Brown University Child and Adolescent  Psychopharmacology Update
1676,THE BROWN UNIVERSITY PSYCHOPHARMACOLOGY UPDATE,The Brown University Psychopharmacology Update
1677,THE CANADIAN GEOGRAPHER/LE GEOGRAPHE CANADIEN,The Canadian Geographer/Le Geographe Canadien
919,THE CANADIAN JOURNAL OF CHEMICAL ENGINEERING,The Canadian Journal of Chemical Engineering
727,THE CANADIAN JOURNAL OF STATISTICS,The Canadian Journal of Statistics
1678,THE CAREER DEVELOPMENT QUARTERLY,The Career Development Quarterly
986,THE CLINICAL RESPIRATORY JOURNAL,The Clinical Respiratory Journal
950,THE CLINICAL TEACHER,The Clinical Teacher
1679,THE DEVELOPING ECONOMIES,The Developing Economies
1680,THE ECONOMETRICS JOURNAL,The Econometrics Journal
1681,THE ECONOMIC JOURNAL,The Economic Journal
1682,THE ECONOMIC RECORD,The Economic Record
1683,THE ECONOMICS OF TRANSITION,The Economics of Transition
1684,THE ECUMENICAL REVIEW,The Ecumenical Review
1685,THE F. SCOTT FITZGERALD REVIEW,The F. Scott Fitzgerald Review
1686,THE GEOGRAPHICAL JOURNAL,The Geographical Journal
1687,THE GERMAN QUARTERLY,The German Quarterly
1688,THE HEYTHROP JOURNAL,The Heythrop Journal
1689,THE HISTORIAN,The Historian
1690,THE HOWARD JOURNAL OF CRIMINAL JUSTICE,The Howard Journal of Criminal Justice
951,THE INTERNATIONAL JOURNAL OF MEDICAL ROBOTICS  AND COMPUTER ASSISTED SURGERY,The International Journal of Medical Robotics  and Computer Assisted Surgery
1691,THE INTERNATIONAL JOURNAL OF PSYCHOANALYSIS,The International Journal of Psychoanalysis
1692,THE JAPANESE ECONOMIC REVIEW,The Japanese Economic Review
1693,THE JOURNAL OF ADDICTIONS & OFFENDER COUNSELING,The Journal of Addictions and Offender Counseling
1694,THE JOURNAL OF AMERICAN CULTURE,The Journal of American Culture
1695,THE JOURNAL OF ANALYTICAL PSYCHOLOGY,The Journal of Analytical Psychology
403,THE JOURNAL OF COMPARATIVE NEUROLOGY,The Journal of Comparative Neurology
1697,THE JOURNAL OF CONTINUING EDUCATION IN THE  HEALTH PROFESSIONS,The Journal of Continuing Education in The  Health Professions
1698,THE JOURNAL OF CREATIVE BEHAVIOR,The Journal of Creative Behavior
979,THE JOURNAL OF DERMATOLOGY,The Journal of Dermatology
1906,THE JOURNAL OF EUKARYOTIC MICROBIOLOGY,The Journal of Eukaryotic Microbiology
1699,THE JOURNAL OF FINANCE,The Journal of Finance
1700,THE JOURNAL OF FINANCIAL RESEARCH,The Journal of Financial Research
1701,THE JOURNAL OF FUTURES MARKETS,The Journal of Futures Markets
840,THE JOURNAL OF GENE MEDICINE  (ELECTRONIC),The Journal of Gene Medicine  
1702,THE JOURNAL OF INDUSTRIAL ECONOMICS,The Journal of industrial Economics
728,"THE JOURNAL OF LAW, MEDICINE & ETHICS","The Journal of Law, Medicine and ethics"
405,THE JOURNAL OF PATHOLOGY,The Journal of Pathology
729,THE JOURNAL OF PHYSIOLOGY,The Journal of Physiology
1703,THE JOURNAL OF POLITICAL PHILOSOPHY,The Journal of Political Philosophy
1704,THE JOURNAL OF POPULAR CULTURE,The Journal of Popular Culture
1705,THE JOURNAL OF PRODUCT INNOVATION MANAGEMENT,The Journal of Product innovation Management
730,THE JOURNAL OF RURAL HEALTH,The Journal of Rural Health
1706,THE JOURNAL OF THE HISTORICAL SOCIETY,The Journal of The Historical Society
7173,JOURNAL OF THE INSTITUTE OF BREWING ,Journal of the institute of Brewing
1707,THE JOURNAL OF THE ROYAL ANTHROPOLOGICAL INSTITUTE,The Journal of The Royal Anthropological institute
1708,THE JOURNAL OF WORLD INTELLECTUAL PROPERTY,The Journal of World intellectual Property
1709,THE LATIN AMERICANIST,The Latin Americanist
1710,THE MANCHESTER SCHOOL,The Manchester School
1711,THE MARK TWAIN ANNUAL,The Mark Twain Annual
1712,THE MILBANK QUARTERLY,The Milbank Quarterly
1713,THE MODERN LAW REVIEW,The Modern Law Review
1714,THE MUSLIM WORLD,The Muslim World
7182,THE NATIONAL TEACHING & LEARNING FORUM ,The National Teaching and Learning Forum
841,THE OBSTETRICIAN & GYNAECOLOGIST,The Obstetrician and Gynaecologist
1715,THE PHILOSOPHICAL QUARTERLY,The Philosophical Quarterly
1716,THE PHOTOGRAMMETRIC RECORD,The Photogrammetric Record
731,THE PLANT JOURNAL,The Plant Journal
1717,THE POLITICAL QUARTERLY,The Political Quarterly
406,THE PROSTATE,The Prostate
920,THE QUARTERLY JOURNAL OF THE ROYAL METEOROLOGICAL SOCIETY,The Quarterly Journal of The Royal Meteorological Society
1718,THE RAND JOURNAL OF ECONOMICS,The Rand Journal of Economics
7183,THE READING TEACHER,The Reading Teacher
1719,THE RUSSIAN REVIEW,The Russian Review
1720,THE SCANDINAVIAN JOURNAL OF ECONOMICS,The Scandinavian Journal of Economics
1721,THE SOCIOLOGICAL QUARTERLY,The Sociological Quarterly
1722,THE SOCIOLOGICAL REVIEW,The Sociological Review
1723,THE SOUTH AFRICAN JOURNAL OF ECONOMICS,The South African Journal of Economics
1724,THE SOUTHERN JOURNAL OF PHILOSOPHY,The SouThern Journal of Philosophy
407,THE STRUCTURAL DESIGN OF TALL AND SPECIAL  BUILDINGS (ELECTRONIC),The Structural Design of Tall and Special  Buildings 
1725,THE SUCCESSFUL REGISTRAR,The Successful Registrar
1726,THE WORLD ECONOMY,The World Economy
1727,THE YALE REVIEW,The Yale Review
1728,THEORIA,Theoria
732,THERAPEUTIC APHERESIS AND DIALYSIS,Therapeutic Apheresis and Dialysis
4691,THORACIC CANCER,Thoracic Cancer
1729,THUNDERBIRD INTERNATIONAL BUSINESS REVIEW,Thunderbird International Business Review
1730,TIJDSCHRIFT VOOR ECONOMISCHE EN SOCIALE GEOGRAFIE,Tijdschrift Voor Economische En Sociale Geografie
733,TISSUE ANTIGENS,Tissue Antigens
1731,TOPICS IN COGNITIVE SCIENCE,Topics in Cognitive Science
874,TRAFFIC,Traffic
1732,TRANSACTIONS IN GIS,Transactions in GIS
1733,TRANSACTIONS OF THE INSTITUTE OF BRITISH GEOGRAPHERS,Transactions of the institute of British Geographers
1734,TRANSACTIONS OF THE PHILOLOGICAL SOCIETY,Transactions of the Philological Society
734,TRANSBOUNDARY AND EMERGING DISEASES,Transboundary and Emerging Diseases
1735,TRANSFORMING ANTHROPOLOGY,Transforming Anthropology
735,TRANSFUSION,Transfusion
736,TRANSFUSION MEDICINE,Transfusion Medicine
842,TRANSPLANT INFECTIOUS DISEASE,Transplant Infectious Disease
737,TRANSPLANT INTERNATIONAL,Transplant International
980,TRENDS IN UROLOGY AND MEN'S HEALTH,Trends in Urology and Men's Health
738,TROPICAL MEDICINE & INTERNATIONAL HEALTH,Tropical Medicine and International Health
739,ULTRASOUND IN OBSTETRICS & GYNECOLOGY,Ultrasound in Obstetrics and Gynecology
875,VAKUUM IN FORSCHUNG UND PRAXIS,Vakuum in Forschung Und Praxis
740,VETERINARY ANAESTHESIA & ANALGESIA,Veterinary Anaesthesia and Analgesia
932,VETERINARY AND COMPARATIVE ONCOLOGY,Veterinary and Comparative Oncology
741,VETERINARY CLINICAL PATHOLOGY,Veterinary Clinical Pathology
742,VETERINARY DERMATOLOGY,Veterinary Dermatology
801,VETERINARY OPHTHALMOLOGY,Veterinary Ophthalmology
743,VETERINARY RADIOLOGY & ULTRASOUND,Veterinary Radiology and Ultrasound
744,VETERINARY SURGERY,Veterinary Surgery
1736,VISUAL ANTHROPOLOGY REVIEW,Visual Anthropology Review
4485,VOX SANGUINIS,Vox Sanguinis
745,WATER AND ENVIRONMENT JOURNAL,Water and Environment Journal
921,WEATHER,Weather
897,WEED BIOLOGY AND MANAGEMENT,Weed Biology and Management
746,WEED RESEARCH,Weed Research
4693,WILEY INTERDISCIPLINARY REVIEWS: COMPUTATIONAL MOLECULAR SCIENCE,WIREs Computational Molecular Science
4694,WILEY INTERDISCIPLINARY REVIEWS: DATA MINING AND KNOWLEDGE DISCOVERY,WIREs Data Mining and Knowledge Discovery
4698,WILEY INTERDISCIPLINARY REVIEWS: RNA,WIREs RNA
1737,WILMOTT,Wilmott Magazine
898,WIRELESS COMMUNICATIONS & MOBILE COMPUTING (ELECTRONIC),Wireless Communications and Mobile Computing 
4695,WILEY INTERDISCIPLINARY REVIEWS: DEVELOPMENTAL BIOLOGY,WIREs Developmental Biology
4696,WILEY INTERDISCIPLINARY REVIEWS: ENERGY AND ENVIRONMENT,WIREs Energy and Environment
4697,WILEY INTERDISCIPLINARY REVIEWS: MEMBRANE TRANSPORT AND SIGNALLING,WIREs Membrane Transport and Signalling
1738,WORKINGUSA,Workingusa
1739,WORLD BANKING ABSTRACTS,World Banking Abstracts
1740,WORLD ENGLISHES,World Englishes
843,WORLD VIEWS ON EVIDENCE-BASED NURSING,World Views On Evidence-Based Nursing
747,WOUND REPAIR AND REGENERATION,Wound Repair and Regeneration
748,XENOTRANSPLANTATION,Xenotransplantation
408,X-RAY SPECTROMETRY,X-Ray Spectrometry
409,YEAST,Yeast
802,ZAAC-JOURNAL OF INORGANIC AND GENERAL CHEMISTRY,ZAAC-Journal of Inorganic and General Chemistry
803,ZAMM-ZEITSCHRIFT FUER ANGEWANDTE MATHEMATIK UND MECHANIK,ZAMM-Zeitschrift Fuer Angewandte Mathematik Und Mechanik
749,ZOO BIOLOGY,Zoo Biology
750,ZOOLOGICA SCRIPTA,Zoologica Scripta
751,ZOOLOGICAL JOURNAL OF THE LINNEAN SOCIETY,Zoological Journal of the Linnean Society
752,ZOONOSES AND PUBLIC HEALTH,Zoonoses and Public Health
965,ZOOSYSTEMATICS AND EVOLUTION - MITTEILUNGEN AUS DEM MUSEUM FUR NATURKUNDE ZU BERLIN,Zoosystematics and Evolution - Mitteilungen Aus Dem Museum Fur Naturkunde Zu Berlin
1741,ZYGON,Zygon
876,ACTA CRYSTALLOGRAPHICA SECTION E (ELECTRONIC),Acta Crystallographica Section E 
952,ACTA CRYSTALLOGRAPHICA SECTION F (ELECTRONIC),Acta Crystallographica Section F 
7186,ADVANCED ENGINEERING MATERIALS,Advanced Engineering Materials
7187,ADVANCED SYNTHESIS AND CATALYSIS,Advanced Synthesis and Catalysis
7189,ANATOMICAL SCIENCES EDUCATION,Anatomical Sciences Education
902,ANNUAL REVIEW OF INFORMATION SCIENCE & TECHNOLOGY (ELECTRONIC),Annual Review of information Science and Technology 
7191,ASIAN JOURNAL OF CONTROL,Asian Journal of Control
7190,ASIA-PACIFIC PSYCHIATRIC,Asia-Pacific Psychiatry
846,ATMOSPHERIC SCIENCE LETTERS,Atmospheric Science Letters
7192,AUTISM RESEARCH,Autism Research
4682,BASIC AND APPLIED PATHOLOGY,Basic and Applied Pathology
7198,BIOCHEMISTRY AND MOLECULAR BIOLOGY EDUCATION,Biochemistry and Molecular Biology Education
7199,BIOTECHNOLOGY JOURNAL,Biotechnology Journal
231,BULLETIN OF THE AMERICAN SOCIETY FOR INFORMATION SCIENCE & TECHNOLOGY (ELECTRONIC),Bulletin of the American Society For information Science and Technology 
7194,CHEMBIOCHEM,Chembiochem
7196,CHEMINFORM,Cheminform
7167,CHEMISTRY & INDUSTRY,Chemistry and industry
7195,CHEMMEDCHEM,Chemmedchem
7197,CHEMPHYSCHEM,Chemphyschem
7168,CHEMPLUSCHEM,Chempluschem
1008,CHINESE JOURNAL OF CHEMISTRY,Chinese Journal of Chemistry
4683,CLINICAL LIVER DISEASE,Clinical Liver Disease
905,COMPREHENSIVE REVIEWS IN FOOD SCIENCE AND FOOD SAFETY,Comprehensive Reviews in Food Science and Food Safety
7184,CONSERVATION LETTERS,Conservation Letters 
7200,DRUG TESTING AND ANALYSIS,Drug Testing and Analysis
7203,ECOHYDROLOGY,Ecohydrology
7201,EMBO MOLECULAR MEDICINE,EMBO Molecular Medicine
994,ENVIRONMENTAL MICROBIOLOGY REPORTS,Environmental Microbiology Reports
968,EVIDENCE-BASED CHILD HEALTH: A COCHRANE  REVIEW JOURNAL,Evidence-Based Child Health: A Cochrane  Review Journal
7185,GEOGRAPHY COMPASS,Geography Compass 
7204,GLOBAL POLICY,Global Policy
4686,GREENHOUSE GASES: SCIENCE AND TECHNOLOGY,Greenhouse Gases: Science and Technology
1388,HISTORY COMPASS (ELECTRONIC),History Compass 
7202,INFLAMMATORY BOWEL DISEASES,Inflammatory Bowel Diseases
971,INTEGRATIVE ZOOLOGY,Integrative Zoology
7205,JOURNAL OF ACCOUNTING RESEARCH,Journal of Accounting Research
7206,JOURNAL OF APPLIED CORPORATE FINANCE,Journal of Applied Corporate Finance
7208,JOURNAL OF BIOPHOTOMICS,Journal of Biophotonics
7209,JOURNAL OF CELLULAR AND MOLECULAR MEDICINE,Journal of Cellular and Molecular Medicine
1457,JOURNAL OF COMPUTER-MEDIATED COMMUNICATION,Journal of Computer-Mediated Communication
7210,JOURNAL OF DIABETES,Journal of Diabetes
7227,JOURNAL OF DIABETES INVESTIGATION,Journal of Diabetes investigation
913,JOURNAL OF FOOD SCIENCE EDUCATION,Journal of Food Science Education
7211,JOURNAL OF HETEROCYCLIC CHEMISTRY,Journal of Heterocyclic Chemistry
7212,JOURNAL OF INVESTIGATIVE AND CLINICAL DENTISTRY,Journal of investigative and Clinical Dentistry
7207,JOURNAL OF THROMBOSIS AND HAEMOSTASIS,Journal of Thrombosis and Haemostasis
1531,LITERATURE COMPASS (ELECTRONIC),Literature Compass 
7213,"MIND, BRAIN, AND EDUCATION","Mind, Brain, and Education"
7214,MOUNT SINAI JOURNAL OF MEDICINE,Mount Sinai Journal of Medicine: A Journal of Personalized and Translational Medicine
7215,ORTHOPAEDIC SURGERY,Orthopaedic Surgery
1592,PHILOSOPHY COMPASS (ELECTRONIC),Philosophy Compass 
916,PROCEEDINGS IN APPLIED MATHEMATICS & MECHANICS,Proceedings in Applied Mathematics and Mechanics
7217,PROTEIN SCIENCE,Protein Science
1623,REGIONAL SCIENCE POLICY AND PRACTICE,Regional Science Policy and Practice
4690,REVIEW OF BEHAVIORAL FINANCE  ,Review of Behavioral Finance
7219,SHOULDER AND ELBOW,Shoulder and Elbow
7221,SMALL,Small
7223,SOCIAL AND PERSONALITY PSYCHOLOGY COMPASS ,Social and Personality Psychology Compass
7180,TESOL JOURNAL,Tesol Journal
7188,ART BOOK,The Art Book
4692,THOUGHT: A JOURNAL OF PHILOSOPHY ,Thought: A Journal of Philosophy
1006,TRANSACTIONS ON EMERGING TELECOMMUNICATIONS TECHNOLOGIES,Transactions On Emerging Telecommunications Technologies
7224,WILEY INTERDISCIPLINARY REVIEWS: CLIMATE CHANGE,WIREs Climate Change
7225,WILEY INTERDISCIPLINARY REVIEWS: COGNITIVE,WIREs Cognitive Science
7226,WILEY INTERDISCIPLINARY REVIEWS: NANOMEDICINE AND NANOBIOTECHNOLOGY,WIREs Nanomedicine and  Nanobiotechnology
7222,WIND ENERGY,Wind Energy
1012,"BIRTH DEFECTS RESEARCH, PART C, EMBRYO TODAY ","Birth defects research. Part C, Embryo today"
1622,RECRUITING & RETAINING ADULT LEARNERS,Nontraditional Students Report
7218,PROFESSIONAL GEOGRAPHER,The Professional Geographer
251,BIRTH DEFECTS RESEARCH,Birth Defects Research
1696,THE JOURNAL OF CHILD PSYCHOLOGY AND PSYCHIATRY AND ALLIED DISCIPLINES,The Journal of Child Psychology and Psychiatry and Allied Disciplines
6103,SILICON,Silicon
7169,COUNSELLING TODAY,Counseling Today